,Frame,Driver,Speed,Sector,Lap,Lap Time,T_Delta
0,1,HAMILTON,1,,L1 (Crash),00:55.0,0.029666012
0,2,HAMILTON,1,,L1 (Crash),00:55.0,0.029666012
0,3,HAMILTON,4,,L1 (Crash),00:55.0,0.029666012
0,4,HAMILTON,4,,L1 (Crash),00:55.0,0.029666012
0,5,HAMILTON,6,,L1 (Crash),00:55.0,0.029666012
0,6,HAMILTON,6,,L1 (Crash),00:55.0,0.029666012
0,7,HAMILTON,6,,L1 (Crash),00:55.0,0.029666012
0,8,HAMILTON,8,,L1 (Crash),00:55.0,0.029666012
0,9,HAMILTON,10,,L1 (Crash),00:55.0,0.029666012
0,10,HAMILTON,10,,L1 (Crash),00:55.0,0.029666012
0,11,HAMILTON,12,,L1 (Crash),00:55.0,0.029666012
0,12,HAMILTON,14,,L1 (Crash),00:55.0,0.029666012
0,13,HAMILTON,14,,L1 (Crash),00:55.0,0.029666012
0,14,HAMILTON,17,,L1 (Crash),00:55.0,0.029666012
0,15,HAMILTON,17,,L1 (Crash),00:55.0,0.029666012
0,16,HAMILTON,18,,L1 (Crash),00:55.0,0.029666012
0,17,HAMILTON,19,,L1 (Crash),00:55.0,0.029666012
0,18,HAMILTON,20,,L1 (Crash),00:55.0,0.029666012
0,19,HAMILTON,20,,L1 (Crash),00:55.0,0.029666012
0,20,HAMILTON,22,,L1 (Crash),00:55.0,0.029666012
0,21,HAMILTON,22,,L1 (Crash),00:55.0,0.029666012
0,22,HAMILTON,24,,L1 (Crash),00:55.0,0.029666012
0,23,HAMILTON,24,,L1 (Crash),00:55.0,0.029666012
0,24,HAMILTON,24,,L1 (Crash),00:55.0,0.029666012
0,25,HAMILTON,26,,L1 (Crash),00:55.0,0.029666012
0,26,HAMILTON,26,,L1 (Crash),00:55.0,0.029666012
0,27,HAMILTON,28,,L1 (Crash),00:55.0,0.029666012
0,28,HAMILTON,29,,L1 (Crash),00:55.0,0.029666012
0,29,HAMILTON,29,,L1 (Crash),00:55.0,0.029666012
0,30,HAMILTON,30,,L1 (Crash),00:55.0,0.029666012
0,31,HAMILTON,31,,L1 (Crash),00:55.0,0.029666012
0,32,HAMILTON,31,,L1 (Crash),00:55.0,0.029666012
0,33,HAMILTON,31,,L1 (Crash),00:55.0,0.029666012
0,34,HAMILTON,34,,L1 (Crash),00:55.0,0.029666012
0,35,HAMILTON,35,,L1 (Crash),00:55.0,0.029666012
0,36,HAMILTON,35,,L1 (Crash),00:55.0,0.029666012
0,37,HAMILTON,35,,L1 (Crash),00:55.0,0.029666012
0,38,HAMILTON,37,,L1 (Crash),00:55.0,0.029666012
0,39,HAMILTON,37,,L1 (Crash),00:55.0,0.029666012
0,40,HAMILTON,39,,L1 (Crash),00:55.0,0.029666012
0,41,HAMILTON,39,,L1 (Crash),00:55.0,0.029666012
0,42,HAMILTON,42,,L1 (Crash),00:55.0,0.029666012
0,43,HAMILTON,42,,L1 (Crash),00:55.0,0.029666012
0,44,HAMILTON,42,,L1 (Crash),00:55.0,0.029666012
0,45,HAMILTON,46,,L1 (Crash),00:55.0,0.029666012
0,46,HAMILTON,46,,L1 (Crash),00:55.0,0.029666012
0,47,HAMILTON,47,,L1 (Crash),00:55.0,0.029666012
0,48,HAMILTON,51,,L1 (Crash),00:55.0,0.029666012
0,49,HAMILTON,52,,L1 (Crash),00:55.0,0.029666012
0,50,HAMILTON,54,,L1 (Crash),00:55.0,0.029666012
0,51,HAMILTON,56,,L1 (Crash),00:55.0,0.029666012
0,52,HAMILTON,56,,L1 (Crash),00:55.0,0.029666012
0,53,HAMILTON,56,,L1 (Crash),00:55.0,0.029666012
0,54,HAMILTON,60,,L1 (Crash),00:55.0,0.029666012
0,55,HAMILTON,60,,L1 (Crash),00:55.0,0.029666012
0,56,HAMILTON,63,,L1 (Crash),00:55.0,0.029666012
0,57,HAMILTON,63,,L1 (Crash),00:55.0,0.029666012
0,58,HAMILTON,66,,L1 (Crash),00:55.0,0.029666012
0,59,HAMILTON,67,,L1 (Crash),00:55.0,0.029666012
0,60,HAMILTON,68,,L1 (Crash),00:55.0,0.029666012
0,61,HAMILTON,68,,L1 (Crash),00:55.0,0.029666012
0,62,HAMILTON,68,,L1 (Crash),00:55.0,0.029666012
0,63,HAMILTON,70,,L1 (Crash),00:55.0,0.029666012
0,64,HAMILTON,70,,L1 (Crash),00:55.0,0.029666012
0,65,HAMILTON,72,,L1 (Crash),00:55.0,0.029666012
0,66,HAMILTON,73,,L1 (Crash),00:55.0,0.029666012
0,67,HAMILTON,74,,L1 (Crash),00:55.0,0.029666012
0,68,HAMILTON,75,,L1 (Crash),00:55.0,0.029666012
0,69,HAMILTON,75,,L1 (Crash),00:55.0,0.029666012
0,70,HAMILTON,75,,L1 (Crash),00:55.0,0.029666012
0,71,HAMILTON,77,,L1 (Crash),00:55.0,0.029666012
0,72,HAMILTON,78,,L1 (Crash),00:55.0,0.029666012
0,73,HAMILTON,78,,L1 (Crash),00:55.0,0.029666012
0,74,HAMILTON,81,,L1 (Crash),00:55.0,0.029666012
0,75,HAMILTON,81,,L1 (Crash),00:55.0,0.029666012
0,76,HAMILTON,85,,L1 (Crash),00:55.0,0.029666012
0,77,HAMILTON,85,,L1 (Crash),00:55.0,0.029666012
0,78,HAMILTON,85,,L1 (Crash),00:55.0,0.029666012
0,79,HAMILTON,88,,L1 (Crash),00:55.0,0.029666012
0,80,HAMILTON,88,,L1 (Crash),00:55.0,0.029666012
0,81,HAMILTON,92,,L1 (Crash),00:55.0,0.029666012
0,82,HAMILTON,94,,L1 (Crash),00:55.0,0.029666012
0,83,HAMILTON,94,,L1 (Crash),00:55.0,0.029666012
0,84,HAMILTON,96,,L1 (Crash),00:55.0,0.029666012
0,85,HAMILTON,98,,L1 (Crash),00:55.0,0.029666012
0,86,HAMILTON,98,,L1 (Crash),00:55.0,0.029666012
0,87,HAMILTON,98,,L1 (Crash),00:55.0,0.029666012
0,88,HAMILTON,100,,L1 (Crash),00:55.0,0.029666012
0,89,HAMILTON,100,,L1 (Crash),00:55.0,0.029666012
0,90,HAMILTON,104,,L1 (Crash),00:55.0,0.029666012
0,91,HAMILTON,104,,L1 (Crash),00:55.0,0.029666012
0,92,HAMILTON,108,,L1 (Crash),00:55.0,0.029666012
0,93,HAMILTON,108,,L1 (Crash),00:55.0,0.029666012
0,94,HAMILTON,112,,L1 (Crash),00:55.0,0.029666012
0,95,HAMILTON,112,,L1 (Crash),00:55.0,0.029666012
0,96,HAMILTON,112,,L1 (Crash),00:55.0,0.029666012
0,97,HAMILTON,116,,L1 (Crash),00:55.0,0.029666012
0,98,HAMILTON,118,,L1 (Crash),00:55.0,0.029666012
0,99,HAMILTON,118,,L1 (Crash),00:55.0,0.029666012
0,100,HAMILTON,121,,L1 (Crash),00:55.0,0.029666012
0,101,HAMILTON,123,,L1 (Crash),00:55.0,0.029666012
0,102,HAMILTON,125,,L1 (Crash),00:55.0,0.029666012
0,103,HAMILTON,125,,L1 (Crash),00:55.0,0.029666012
0,104,HAMILTON,130,,L1 (Crash),00:55.0,0.029666012
0,105,HAMILTON,132,,L1 (Crash),00:55.0,0.029666012
0,106,HAMILTON,133,,L1 (Crash),00:55.0,0.029666012
0,107,HAMILTON,135,,L1 (Crash),00:55.0,0.029666012
0,108,HAMILTON,135,,L1 (Crash),00:55.0,0.029666012
0,109,HAMILTON,135,,L1 (Crash),00:55.0,0.029666012
0,110,HAMILTON,137,,L1 (Crash),00:55.0,0.029666012
0,111,HAMILTON,139,,L1 (Crash),00:55.0,0.029666012
0,112,HAMILTON,139,,L1 (Crash),00:55.0,0.029666012
0,113,HAMILTON,143,,L1 (Crash),00:55.0,0.029666012
0,114,HAMILTON,143,,L1 (Crash),00:55.0,0.029666012
0,115,HAMILTON,147,,L1 (Crash),00:55.0,0.029666012
0,116,HAMILTON,147,,L1 (Crash),00:55.0,0.029666012
0,117,HAMILTON,147,,L1 (Crash),00:55.0,0.029666012
0,118,HAMILTON,151,,L1 (Crash),00:55.0,0.029666012
0,119,HAMILTON,154,,L1 (Crash),00:55.0,0.029666012
0,120,HAMILTON,154,,L1 (Crash),00:55.0,0.029666012
0,121,HAMILTON,156,,L1 (Crash),00:55.0,0.029666012
0,122,HAMILTON,157,,L1 (Crash),00:55.0,0.029666012
0,123,HAMILTON,157,,L1 (Crash),00:55.0,0.029666012
0,124,HAMILTON,160,,L1 (Crash),00:55.0,0.029666012
0,125,HAMILTON,160,,L1 (Crash),00:55.0,0.029666012
0,126,HAMILTON,160,,L1 (Crash),00:55.0,0.029666012
0,127,HAMILTON,162,,L1 (Crash),00:55.0,0.029666012
0,128,HAMILTON,164,,L1 (Crash),00:55.0,0.029666012
0,129,HAMILTON,164,,L1 (Crash),00:55.0,0.029666012
0,130,HAMILTON,168,,L1 (Crash),00:55.0,0.029666012
0,131,HAMILTON,169,,L1 (Crash),00:55.0,0.029666012
0,132,HAMILTON,171,,L1 (Crash),00:55.0,0.029666012
0,133,HAMILTON,173,,L1 (Crash),00:55.0,0.029666012
0,134,HAMILTON,173,,L1 (Crash),00:55.0,0.029666012
0,135,HAMILTON,173,,L1 (Crash),00:55.0,0.029666012
0,136,HAMILTON,176,,L1 (Crash),00:55.0,0.029666012
0,137,HAMILTON,177,,L1 (Crash),00:55.0,0.029666012
0,138,HAMILTON,177,,L1 (Crash),00:55.0,0.029666012
0,139,HAMILTON,179,,L1 (Crash),00:55.0,0.029666012
0,140,HAMILTON,179,,L1 (Crash),00:55.0,0.029666012
0,141,HAMILTON,180,,L1 (Crash),00:55.0,0.029666012
0,142,HAMILTON,180,,L1 (Crash),00:55.0,0.029666012
0,143,HAMILTON,180,,L1 (Crash),00:55.0,0.029666012
0,144,HAMILTON,182,,L1 (Crash),00:55.0,0.029666012
0,145,HAMILTON,183,,L1 (Crash),00:55.0,0.029666012
0,146,HAMILTON,183,,L1 (Crash),00:55.0,0.029666012
0,147,HAMILTON,185,,L1 (Crash),00:55.0,0.029666012
0,148,HAMILTON,185,,L1 (Crash),00:55.0,0.029666012
0,149,HAMILTON,187,,L1 (Crash),00:55.0,0.029666012
0,150,HAMILTON,188,,L1 (Crash),00:55.0,0.029666012
0,151,HAMILTON,188,,L1 (Crash),00:55.0,0.029666012
0,152,HAMILTON,188,,L1 (Crash),00:55.0,0.029666012
0,153,HAMILTON,190,,L1 (Crash),00:55.0,0.029666012
0,154,HAMILTON,191,,L1 (Crash),00:55.0,0.029666012
0,155,HAMILTON,191,,L1 (Crash),00:55.0,0.029666012
0,156,HAMILTON,193,,L1 (Crash),00:55.0,0.029666012
0,157,HAMILTON,195,,L1 (Crash),00:55.0,0.029666012
0,158,HAMILTON,196,,L1 (Crash),00:55.0,0.029666012
0,159,HAMILTON,197,,L1 (Crash),00:55.0,0.029666012
0,160,HAMILTON,197,,L1 (Crash),00:55.0,0.029666012
0,161,HAMILTON,197,,L1 (Crash),00:55.0,0.029666012
0,162,HAMILTON,199,,L1 (Crash),00:55.0,0.029666012
0,163,HAMILTON,201,,L1 (Crash),00:55.0,0.029666012
0,164,HAMILTON,201,,L1 (Crash),00:55.0,0.029666012
0,165,HAMILTON,203,,L1 (Crash),00:55.0,0.029666012
0,166,HAMILTON,203,,L1 (Crash),00:55.0,0.029666012
0,167,HAMILTON,204,,L1 (Crash),00:55.0,0.029666012
0,168,HAMILTON,205,,L1 (Crash),00:55.0,0.029666012
0,169,HAMILTON,205,,L1 (Crash),00:55.0,0.029666012
0,170,HAMILTON,206,,L1 (Crash),00:55.0,0.029666012
0,171,HAMILTON,206,,L1 (Crash),00:55.0,0.029666012
0,172,HAMILTON,209,,L1 (Crash),00:55.0,0.029666012
0,173,HAMILTON,210,,L1 (Crash),00:55.0,0.029666012
0,174,HAMILTON,210,,L1 (Crash),00:55.0,0.029666012
0,175,HAMILTON,212,,L1 (Crash),00:55.0,0.029666012
0,176,HAMILTON,212,,L1 (Crash),00:55.0,0.029666012
0,177,HAMILTON,214,,L1 (Crash),00:55.0,0.029666012
0,178,HAMILTON,214,,L1 (Crash),00:55.0,0.029666012
0,179,HAMILTON,215,,L1 (Crash),00:55.0,0.029666012
0,180,HAMILTON,215,,L1 (Crash),00:55.0,0.029666012
0,181,HAMILTON,216,,L1 (Crash),00:55.0,0.029666012
0,182,HAMILTON,216,,L1 (Crash),00:55.0,0.029666012
0,183,HAMILTON,217,,L1 (Crash),00:55.0,0.029666012
0,184,HAMILTON,218,,L1 (Crash),00:55.0,0.029666012
0,185,HAMILTON,218,,L1 (Crash),00:55.0,0.029666012
0,186,HAMILTON,219,,L1 (Crash),00:55.0,0.029666012
0,187,HAMILTON,219,,L1 (Crash),00:55.0,0.029666012
0,188,HAMILTON,219,,L1 (Crash),00:55.0,0.029666012
0,189,HAMILTON,221,,L1 (Crash),00:55.0,0.029666012
0,190,HAMILTON,221,,L1 (Crash),00:55.0,0.029666012
0,191,HAMILTON,222,,L1 (Crash),00:55.0,0.029666012
0,192,HAMILTON,223,,L1 (Crash),00:55.0,0.029666012
0,193,HAMILTON,223,,L1 (Crash),00:55.0,0.029666012
0,194,HAMILTON,225,,L1 (Crash),00:55.0,0.029666012
0,195,HAMILTON,225,,L1 (Crash),00:55.0,0.029666012
0,196,HAMILTON,225,,L1 (Crash),00:55.0,0.029666012
0,197,HAMILTON,227,,L1 (Crash),00:55.0,0.029666012
0,198,HAMILTON,228,,L1 (Crash),00:55.0,0.029666012
0,199,HAMILTON,228,,L1 (Crash),00:55.0,0.029666012
0,200,HAMILTON,230,,L1 (Crash),00:55.0,0.029666012
0,201,HAMILTON,231,,L1 (Crash),00:55.0,0.029666012
0,202,HAMILTON,231,,L1 (Crash),00:55.0,0.029666012
0,203,HAMILTON,232,,L1 (Crash),00:55.0,0.029666012
0,204,HAMILTON,232,,L1 (Crash),00:55.0,0.029666012
0,205,HAMILTON,232,,L1 (Crash),00:55.0,0.029666012
0,206,HAMILTON,233,,L1 (Crash),00:55.0,0.029666012
0,207,HAMILTON,233,,L1 (Crash),00:55.0,0.029666012
0,208,HAMILTON,233,,L1 (Crash),00:55.0,0.029666012
0,209,HAMILTON,234,,L1 (Crash),00:55.0,0.029666012
0,210,HAMILTON,235,,L1 (Crash),00:55.0,0.029666012
0,211,HAMILTON,235,,L1 (Crash),00:55.0,0.029666012
0,212,HAMILTON,237,,L1 (Crash),00:55.0,0.029666012
0,213,HAMILTON,237,,L1 (Crash),00:55.0,0.029666012
0,214,HAMILTON,237,,L1 (Crash),00:55.0,0.029666012
0,215,HAMILTON,239,,L1 (Crash),00:55.0,0.029666012
0,216,HAMILTON,239,,L1 (Crash),00:55.0,0.029666012
0,217,HAMILTON,240,,L1 (Crash),00:55.0,0.029666012
0,218,HAMILTON,241,,L1 (Crash),00:55.0,0.029666012
0,219,HAMILTON,241,,L1 (Crash),00:55.0,0.029666012
0,220,HAMILTON,242,,L1 (Crash),00:55.0,0.029666012
0,221,HAMILTON,243,,L1 (Crash),00:55.0,0.029666012
0,222,HAMILTON,243,,L1 (Crash),00:55.0,0.029666012
0,223,HAMILTON,244,,L1 (Crash),00:55.0,0.029666012
0,224,HAMILTON,245,,L1 (Crash),00:55.0,0.029666012
0,225,HAMILTON,245,,L1 (Crash),00:55.0,0.029666012
0,226,HAMILTON,245,,L1 (Crash),00:55.0,0.029666012
0,227,HAMILTON,245,,L1 (Crash),00:55.0,0.029666012
0,228,HAMILTON,245,,L1 (Crash),00:55.0,0.029666012
0,229,HAMILTON,245,,L1 (Crash),00:55.0,0.029666012
0,230,HAMILTON,246,,L1 (Crash),00:55.0,0.029666012
0,231,HAMILTON,246,,L1 (Crash),00:55.0,0.029666012
0,232,HAMILTON,246,,L1 (Crash),00:55.0,0.029666012
0,233,HAMILTON,246,,L1 (Crash),00:55.0,0.029666012
0,234,HAMILTON,246,,L1 (Crash),00:55.0,0.029666012
0,235,HAMILTON,244,,L1 (Crash),00:55.0,0.029666012
0,236,HAMILTON,243,,L1 (Crash),00:55.0,0.029666012
0,237,HAMILTON,242,,L1 (Crash),00:55.0,0.029666012
0,238,HAMILTON,242,,L1 (Crash),00:55.0,0.029666012
0,239,HAMILTON,241,,L1 (Crash),00:55.0,0.029666012
0,240,HAMILTON,240,,L1 (Crash),00:55.0,0.029666012
0,241,HAMILTON,240,,L1 (Crash),00:55.0,0.029666012
0,242,HAMILTON,239,,L1 (Crash),00:55.0,0.029666012
0,243,HAMILTON,239,,L1 (Crash),00:55.0,0.029666012
0,244,HAMILTON,238,,L1 (Crash),00:55.0,0.029666012
0,245,HAMILTON,238,,L1 (Crash),00:55.0,0.029666012
0,246,HAMILTON,238,,L1 (Crash),00:55.0,0.029666012
0,247,HAMILTON,237,,L1 (Crash),00:55.0,0.029666012
0,248,HAMILTON,236,,L1 (Crash),00:55.0,0.029666012
0,249,HAMILTON,236,,L1 (Crash),00:55.0,0.029666012
0,250,HAMILTON,236,,L1 (Crash),00:55.0,0.029666012
0,251,HAMILTON,235,,L1 (Crash),00:55.0,0.029666012
0,252,HAMILTON,235,,L1 (Crash),00:55.0,0.029666012
0,253,HAMILTON,235,,L1 (Crash),00:55.0,0.029666012
0,254,HAMILTON,235,,L1 (Crash),00:55.0,0.029666012
0,255,HAMILTON,235,,L1 (Crash),00:55.0,0.029666012
0,256,HAMILTON,235,,L1 (Crash),00:55.0,0.029666012
0,257,HAMILTON,235,,L1 (Crash),00:55.0,0.029666012
0,258,HAMILTON,235,,L1 (Crash),00:55.0,0.029666012
0,259,HAMILTON,235,,L1 (Crash),00:55.0,0.029666012
0,260,HAMILTON,235,,L1 (Crash),00:55.0,0.029666012
0,261,HAMILTON,235,,L1 (Crash),00:55.0,0.029666012
0,262,HAMILTON,235,,L1 (Crash),00:55.0,0.029666012
0,263,HAMILTON,235,,L1 (Crash),00:55.0,0.029666012
0,264,HAMILTON,235,,L1 (Crash),00:55.0,0.029666012
0,265,HAMILTON,235,,L1 (Crash),00:55.0,0.029666012
0,266,HAMILTON,236,,L1 (Crash),00:55.0,0.029666012
0,267,HAMILTON,236,,L1 (Crash),00:55.0,0.029666012
0,268,HAMILTON,236,,L1 (Crash),00:55.0,0.029666012
0,269,HAMILTON,236,,L1 (Crash),00:55.0,0.029666012
0,270,HAMILTON,236,,L1 (Crash),00:55.0,0.029666012
0,271,HAMILTON,236,,L1 (Crash),00:55.0,0.029666012
0,272,HAMILTON,236,,L1 (Crash),00:55.0,0.029666012
0,273,HAMILTON,236,,L1 (Crash),00:55.0,0.029666012
0,274,HAMILTON,236,,L1 (Crash),00:55.0,0.029666012
0,275,HAMILTON,236,,L1 (Crash),00:55.0,0.029666012
0,276,HAMILTON,237,,L1 (Crash),00:55.0,0.029666012
0,277,HAMILTON,237,,L1 (Crash),00:55.0,0.029666012
0,278,HAMILTON,238,,L1 (Crash),00:55.0,0.029666012
0,279,HAMILTON,238,,L1 (Crash),00:55.0,0.029666012
0,280,HAMILTON,239,,L1 (Crash),00:55.0,0.029666012
0,281,HAMILTON,240,,L1 (Crash),00:55.0,0.029666012
0,282,HAMILTON,240,,L1 (Crash),00:55.0,0.029666012
0,283,HAMILTON,241,,L1 (Crash),00:55.0,0.029666012
0,284,HAMILTON,241,,L1 (Crash),00:55.0,0.029666012
0,285,HAMILTON,241,,L1 (Crash),00:55.0,0.029666012
0,286,HAMILTON,242,,L1 (Crash),00:55.0,0.029666012
0,287,HAMILTON,242,,L1 (Crash),00:55.0,0.029666012
0,288,HAMILTON,242,,L1 (Crash),00:55.0,0.029666012
0,289,HAMILTON,243,,L1 (Crash),00:55.0,0.029666012
0,290,HAMILTON,244,,L1 (Crash),00:55.0,0.029666012
0,291,HAMILTON,244,,L1 (Crash),00:55.0,0.029666012
0,292,HAMILTON,245,,L1 (Crash),00:55.0,0.029666012
0,293,HAMILTON,245,,L1 (Crash),00:55.0,0.029666012
0,294,HAMILTON,247,,L1 (Crash),00:55.0,0.029666012
0,295,HAMILTON,247,,L1 (Crash),00:55.0,0.029666012
0,296,HAMILTON,247,,L1 (Crash),00:55.0,0.029666012
0,297,HAMILTON,248,,L1 (Crash),00:55.0,0.029666012
0,298,HAMILTON,248,,L1 (Crash),00:55.0,0.029666012
0,299,HAMILTON,248,,L1 (Crash),00:55.0,0.029666012
0,300,HAMILTON,248,,L1 (Crash),00:55.0,0.029666012
0,301,HAMILTON,248,,L1 (Crash),00:55.0,0.029666012
0,302,HAMILTON,248,,L1 (Crash),00:55.0,0.029666012
0,303,HAMILTON,248,,L1 (Crash),00:55.0,0.029666012
0,304,HAMILTON,248,,L1 (Crash),00:55.0,0.029666012
0,305,HAMILTON,248,,L1 (Crash),00:55.0,0.029666012
0,306,HAMILTON,248,,L1 (Crash),00:55.0,0.029666012
0,307,HAMILTON,248,,L1 (Crash),00:55.0,0.029666012
0,308,HAMILTON,248,,L1 (Crash),00:55.0,0.029666012
0,309,HAMILTON,248,,L1 (Crash),00:55.0,0.029666012
0,310,HAMILTON,249,,L1 (Crash),00:55.0,0.029666012
0,311,HAMILTON,249,,L1 (Crash),00:55.0,0.029666012
0,312,HAMILTON,249,,L1 (Crash),00:55.0,0.029666012
0,313,HAMILTON,250,,L1 (Crash),00:55.0,0.029666012
0,314,HAMILTON,250,,L1 (Crash),00:55.0,0.029666012
0,315,HAMILTON,250,,L1 (Crash),00:55.0,0.029666012
0,316,HAMILTON,250,,L1 (Crash),00:55.0,0.029666012
0,317,HAMILTON,251,,L1 (Crash),00:55.0,0.029666012
0,318,HAMILTON,251,,L1 (Crash),00:55.0,0.029666012
0,319,HAMILTON,251,,L1 (Crash),00:55.0,0.029666012
0,320,HAMILTON,251,,L1 (Crash),00:55.0,0.029666012
0,321,HAMILTON,253,,L1 (Crash),00:55.0,0.029666012
0,322,HAMILTON,254,,L1 (Crash),00:55.0,0.029666012
0,323,HAMILTON,254,,L1 (Crash),00:55.0,0.029666012
0,324,HAMILTON,255,,L1 (Crash),00:55.0,0.029666012
0,325,HAMILTON,256,,L1 (Crash),00:55.0,0.029666012
0,326,HAMILTON,257,,L1 (Crash),00:55.0,0.029666012
0,327,HAMILTON,258,,L1 (Crash),00:55.0,0.029666012
0,328,HAMILTON,258,,L1 (Crash),00:55.0,0.029666012
0,329,HAMILTON,258,,L1 (Crash),00:55.0,0.029666012
0,330,HAMILTON,259,,L1 (Crash),00:55.0,0.029666012
0,331,HAMILTON,260,,L1 (Crash),00:55.0,0.029666012
0,332,HAMILTON,260,,L1 (Crash),00:55.0,0.029666012
0,333,HAMILTON,261,,L1 (Crash),00:55.0,0.029666012
0,334,HAMILTON,261,,L1 (Crash),00:55.0,0.029666012
0,335,HAMILTON,261,,L1 (Crash),00:55.0,0.029666012
0,336,HAMILTON,262,,L1 (Crash),00:55.0,0.029666012
0,337,HAMILTON,262,,L1 (Crash),00:55.0,0.029666012
0,338,HAMILTON,262,,L1 (Crash),00:55.0,0.029666012
0,339,HAMILTON,262,,L1 (Crash),00:55.0,0.029666012
0,340,HAMILTON,262,,L1 (Crash),00:55.0,0.029666012
0,341,HAMILTON,263,,L1 (Crash),00:55.0,0.029666012
0,342,HAMILTON,263,,L1 (Crash),00:55.0,0.029666012
0,343,HAMILTON,263,,L1 (Crash),00:55.0,0.029666012
0,344,HAMILTON,263,,L1 (Crash),00:55.0,0.029666012
0,345,HAMILTON,263,,L1 (Crash),00:55.0,0.029666012
0,346,HAMILTON,264,,L1 (Crash),00:55.0,0.029666012
0,347,HAMILTON,264,,L1 (Crash),00:55.0,0.029666012
0,348,HAMILTON,264,,L1 (Crash),00:55.0,0.029666012
0,349,HAMILTON,264,,L1 (Crash),00:55.0,0.029666012
0,350,HAMILTON,264,,L1 (Crash),00:55.0,0.029666012
0,351,HAMILTON,265,,L1 (Crash),00:55.0,0.029666012
0,352,HAMILTON,265,,L1 (Crash),00:55.0,0.029666012
0,353,HAMILTON,265,,L1 (Crash),00:55.0,0.029666012
0,354,HAMILTON,266,,L1 (Crash),00:55.0,0.029666012
0,355,HAMILTON,266,,L1 (Crash),00:55.0,0.029666012
0,356,HAMILTON,266,,L1 (Crash),00:55.0,0.029666012
0,357,HAMILTON,266,,L1 (Crash),00:55.0,0.029666012
0,358,HAMILTON,266,,L1 (Crash),00:55.0,0.029666012
0,359,HAMILTON,266,,L1 (Crash),00:55.0,0.029666012
0,360,HAMILTON,267,,L1 (Crash),00:55.0,0.029666012
0,361,HAMILTON,267,,L1 (Crash),00:55.0,0.029666012
0,362,HAMILTON,267,,L1 (Crash),00:55.0,0.029666012
0,363,HAMILTON,268,,L1 (Crash),00:55.0,0.029666012
0,364,HAMILTON,268,,L1 (Crash),00:55.0,0.029666012
0,365,HAMILTON,268,,L1 (Crash),00:55.0,0.029666012
0,366,HAMILTON,268,,L1 (Crash),00:55.0,0.029666012
0,367,HAMILTON,268,,L1 (Crash),00:55.0,0.029666012
0,368,HAMILTON,268,,L1 (Crash),00:55.0,0.029666012
0,369,HAMILTON,268,,L1 (Crash),00:55.0,0.029666012
0,370,HAMILTON,268,,L1 (Crash),00:55.0,0.029666012
0,371,HAMILTON,268,,L1 (Crash),00:55.0,0.029666012
0,372,HAMILTON,268,,L1 (Crash),00:55.0,0.029666012
0,373,HAMILTON,268,,L1 (Crash),00:55.0,0.029666012
0,374,HAMILTON,269,,L1 (Crash),00:55.0,0.029666012
0,375,HAMILTON,269,,L1 (Crash),00:55.0,0.029666012
0,376,HAMILTON,269,,L1 (Crash),00:55.0,0.029666012
0,377,HAMILTON,270,,L1 (Crash),00:55.0,0.029666012
0,378,HAMILTON,271,,L1 (Crash),00:55.0,0.029666012
0,379,HAMILTON,271,,L1 (Crash),00:55.0,0.029666012
0,380,HAMILTON,271,,L1 (Crash),00:55.0,0.029666012
0,381,HAMILTON,271,,L1 (Crash),00:55.0,0.029666012
0,382,HAMILTON,272,,L1 (Crash),00:55.0,0.029666012
0,383,HAMILTON,272,,L1 (Crash),00:55.0,0.029666012
0,384,HAMILTON,272,,L1 (Crash),00:55.0,0.029666012
0,385,HAMILTON,272,,L1 (Crash),00:55.0,0.029666012
0,386,HAMILTON,272,,L1 (Crash),00:55.0,0.029666012
0,387,HAMILTON,273,,L1 (Crash),00:55.0,0.029666012
0,388,HAMILTON,273,,L1 (Crash),00:55.0,0.029666012
0,389,HAMILTON,274,,L1 (Crash),00:55.0,0.029666012
0,390,HAMILTON,274,,L1 (Crash),00:55.0,0.029666012
0,391,HAMILTON,274,,L1 (Crash),00:55.0,0.029666012
0,392,HAMILTON,274,,L1 (Crash),00:55.0,0.029666012
0,393,HAMILTON,274,,L1 (Crash),00:55.0,0.029666012
0,394,HAMILTON,275,,L1 (Crash),00:55.0,0.029666012
0,395,HAMILTON,275,,L1 (Crash),00:55.0,0.029666012
0,396,HAMILTON,275,,L1 (Crash),00:55.0,0.029666012
0,397,HAMILTON,275,,L1 (Crash),00:55.0,0.029666012
0,398,HAMILTON,275,,L1 (Crash),00:55.0,0.029666012
0,399,HAMILTON,276,,L1 (Crash),00:55.0,0.029666012
0,400,HAMILTON,276,,L1 (Crash),00:55.0,0.029666012
0,401,HAMILTON,276,,L1 (Crash),00:55.0,0.029666012
0,402,HAMILTON,276,,L1 (Crash),00:55.0,0.029666012
0,403,HAMILTON,277,,L1 (Crash),00:55.0,0.029666012
0,404,HAMILTON,277,,L1 (Crash),00:55.0,0.029666012
0,405,HAMILTON,277,,L1 (Crash),00:55.0,0.029666012
0,406,HAMILTON,277,,L1 (Crash),00:55.0,0.029666012
0,407,HAMILTON,277,,L1 (Crash),00:55.0,0.029666012
0,408,HAMILTON,277,,L1 (Crash),00:55.0,0.029666012
0,409,HAMILTON,277,,L1 (Crash),00:55.0,0.029666012
0,410,HAMILTON,277,,L1 (Crash),00:55.0,0.029666012
0,411,HAMILTON,277,,L1 (Crash),00:55.0,0.029666012
0,412,HAMILTON,277,,L1 (Crash),00:55.0,0.029666012
0,413,HAMILTON,277,,L1 (Crash),00:55.0,0.029666012
0,414,HAMILTON,277,,L1 (Crash),00:55.0,0.029666012
0,415,HAMILTON,278,,L1 (Crash),00:55.0,0.029666012
0,416,HAMILTON,278,,L1 (Crash),00:55.0,0.029666012
0,417,HAMILTON,278,,L1 (Crash),00:55.0,0.029666012
0,418,HAMILTON,278,,L1 (Crash),00:55.0,0.029666012
0,419,HAMILTON,278,,L1 (Crash),00:55.0,0.029666012
0,420,HAMILTON,277,,L1 (Crash),00:55.0,0.029666012
0,421,HAMILTON,275,,L1 (Crash),00:55.0,0.029666012
0,422,HAMILTON,273,,L1 (Crash),00:55.0,0.029666012
0,423,HAMILTON,273,,L1 (Crash),00:55.0,0.029666012
0,424,HAMILTON,269,,L1 (Crash),00:55.0,0.029666012
0,425,HAMILTON,267,,L1 (Crash),00:55.0,0.029666012
0,426,HAMILTON,267,,L1 (Crash),00:55.0,0.029666012
0,427,HAMILTON,267,,L1 (Crash),00:55.0,0.029666012
0,428,HAMILTON,264,,L1 (Crash),00:55.0,0.029666012
0,429,HAMILTON,262,,L1 (Crash),00:55.0,0.029666012
0,430,HAMILTON,262,,L1 (Crash),00:55.0,0.029666012
0,431,HAMILTON,258,,L1 (Crash),00:55.0,0.029666012
0,432,HAMILTON,258,,L1 (Crash),00:55.0,0.029666012
0,433,HAMILTON,254,,L1 (Crash),00:55.0,0.029666012
0,434,HAMILTON,254,,L1 (Crash),00:55.0,0.029666012
0,435,HAMILTON,252,,L1 (Crash),00:55.0,0.029666012
0,436,HAMILTON,252,,L1 (Crash),00:55.0,0.029666012
0,437,HAMILTON,246,,L1 (Crash),00:55.0,0.029666012
0,438,HAMILTON,246,,L1 (Crash),00:55.0,0.029666012
0,439,HAMILTON,240,,L1 (Crash),00:55.0,0.029666012
0,440,HAMILTON,236,,L1 (Crash),00:55.0,0.029666012
0,441,HAMILTON,233,,L1 (Crash),00:55.0,0.029666012
0,442,HAMILTON,233,,L1 (Crash),00:55.0,0.029666012
0,443,HAMILTON,233,,L1 (Crash),00:55.0,0.029666012
0,444,HAMILTON,226,,L1 (Crash),00:55.0,0.029666012
0,445,HAMILTON,226,,L1 (Crash),00:55.0,0.029666012
0,446,HAMILTON,215,,L1 (Crash),00:55.0,0.029666012
0,447,HAMILTON,215,,L1 (Crash),00:55.0,0.029666012
0,448,HAMILTON,204,,L1 (Crash),00:55.0,0.029666012
0,449,HAMILTON,198,,L1 (Crash),00:55.0,0.029666012
0,450,HAMILTON,198,,L1 (Crash),00:55.0,0.029666012
0,451,HAMILTON,187,,L1 (Crash),00:55.0,0.029666012
0,452,HAMILTON,187,,L1 (Crash),00:55.0,0.029666012
0,453,HAMILTON,187,,L1 (Crash),00:55.0,0.029666012
0,454,HAMILTON,180,,L1 (Crash),00:55.0,0.029666012
0,455,HAMILTON,177,,L1 (Crash),00:55.0,0.029666012
0,456,HAMILTON,177,,L1 (Crash),00:55.0,0.029666012
0,457,HAMILTON,171,,L1 (Crash),00:55.0,0.029666012
0,458,HAMILTON,171,,L1 (Crash),00:55.0,0.029666012
0,459,HAMILTON,164,,L1 (Crash),00:55.0,0.029666012
0,460,HAMILTON,164,,L1 (Crash),00:55.0,0.029666012
0,461,HAMILTON,164,,L1 (Crash),00:55.0,0.029666012
0,462,HAMILTON,160,,L1 (Crash),00:55.0,0.029666012
0,463,HAMILTON,156,,L1 (Crash),00:55.0,0.029666012
0,464,HAMILTON,156,,L1 (Crash),00:55.0,0.029666012
0,465,HAMILTON,152,,L1 (Crash),00:55.0,0.029666012
0,466,HAMILTON,150,,L1 (Crash),00:55.0,0.029666012
0,467,HAMILTON,150,,L1 (Crash),00:55.0,0.029666012
0,468,HAMILTON,147,,L1 (Crash),00:55.0,0.029666012
0,469,HAMILTON,147,,L1 (Crash),00:55.0,0.029666012
0,470,HAMILTON,147,,L1 (Crash),00:55.0,0.029666012
0,471,HAMILTON,145,,L1 (Crash),00:55.0,0.029666012
0,472,HAMILTON,145,,L1 (Crash),00:55.0,0.029666012
0,473,HAMILTON,142,,L1 (Crash),00:55.0,0.029666012
0,474,HAMILTON,142,,L1 (Crash),00:55.0,0.029666012
0,475,HAMILTON,139,,L1 (Crash),00:55.0,0.029666012
0,476,HAMILTON,137,,L1 (Crash),00:55.0,0.029666012
0,477,HAMILTON,135,,L1 (Crash),00:55.0,0.029666012
0,478,HAMILTON,135,,L1 (Crash),00:55.0,0.029666012
0,479,HAMILTON,135,,L1 (Crash),00:55.0,0.029666012
0,480,HAMILTON,132,,L1 (Crash),00:55.0,0.029666012
0,481,HAMILTON,132,,L1 (Crash),00:55.0,0.029666012
0,482,HAMILTON,128,,L1 (Crash),00:55.0,0.029666012
0,483,HAMILTON,128,,L1 (Crash),00:55.0,0.029666012
0,484,HAMILTON,125,,L1 (Crash),00:55.0,0.029666012
0,485,HAMILTON,125,,L1 (Crash),00:55.0,0.029666012
0,486,HAMILTON,125,,L1 (Crash),00:55.0,0.029666012
0,487,HAMILTON,123,,L1 (Crash),00:55.0,0.029666012
0,488,HAMILTON,122,,L1 (Crash),00:55.0,0.029666012
0,489,HAMILTON,122,,L1 (Crash),00:55.0,0.029666012
0,490,HAMILTON,120,,L1 (Crash),00:55.0,0.029666012
0,491,HAMILTON,120,,L1 (Crash),00:55.0,0.029666012
0,492,HAMILTON,117,,L1 (Crash),00:55.0,0.029666012
0,493,HAMILTON,117,,L1 (Crash),00:55.0,0.029666012
0,494,HAMILTON,115,,L1 (Crash),00:55.0,0.029666012
0,495,HAMILTON,115,,L1 (Crash),00:55.0,0.029666012
0,496,HAMILTON,115,,L1 (Crash),00:55.0,0.029666012
0,497,HAMILTON,113,,L1 (Crash),00:55.0,0.029666012
0,498,HAMILTON,113,,L1 (Crash),00:55.0,0.029666012
0,499,HAMILTON,110,,L1 (Crash),00:55.0,0.029666012
0,500,HAMILTON,110,,L1 (Crash),00:55.0,0.029666012
0,501,HAMILTON,108,,L1 (Crash),00:55.0,0.029666012
0,502,HAMILTON,108,,L1 (Crash),00:55.0,0.029666012
0,503,HAMILTON,108,,L1 (Crash),00:55.0,0.029666012
0,504,HAMILTON,107,,L1 (Crash),00:55.0,0.029666012
0,505,HAMILTON,107,,L1 (Crash),00:55.0,0.029666012
0,506,HAMILTON,106,,L1 (Crash),00:55.0,0.029666012
0,507,HAMILTON,106,,L1 (Crash),00:55.0,0.029666012
0,508,HAMILTON,105,,L1 (Crash),00:55.0,0.029666012
0,509,HAMILTON,105,,L1 (Crash),00:55.0,0.029666012
0,510,HAMILTON,104,,L1 (Crash),00:55.0,0.029666012
0,511,HAMILTON,103,,L1 (Crash),00:55.0,0.029666012
0,512,HAMILTON,103,,L1 (Crash),00:55.0,0.029666012
0,513,HAMILTON,103,,L1 (Crash),00:55.0,0.029666012
0,514,HAMILTON,101,,L1 (Crash),00:55.0,0.029666012
0,515,HAMILTON,101,,L1 (Crash),00:55.0,0.029666012
0,516,HAMILTON,100,,L1 (Crash),00:55.0,0.029666012
0,517,HAMILTON,100,,L1 (Crash),00:55.0,0.029666012
0,518,HAMILTON,99,,L1 (Crash),00:55.0,0.029666012
0,519,HAMILTON,99,,L1 (Crash),00:55.0,0.029666012
0,520,HAMILTON,99,,L1 (Crash),00:55.0,0.029666012
0,521,HAMILTON,99,,L1 (Crash),00:55.0,0.029666012
0,522,HAMILTON,99,,L1 (Crash),00:55.0,0.029666012
0,523,HAMILTON,99,,L1 (Crash),00:55.0,0.029666012
0,524,HAMILTON,99,,L1 (Crash),00:55.0,0.029666012
0,525,HAMILTON,99,,L1 (Crash),00:55.0,0.029666012
0,526,HAMILTON,99,,L1 (Crash),00:55.0,0.029666012
0,527,HAMILTON,99,,L1 (Crash),00:55.0,0.029666012
0,528,HAMILTON,99,,L1 (Crash),00:55.0,0.029666012
0,529,HAMILTON,99,,L1 (Crash),00:55.0,0.029666012
0,530,HAMILTON,99,,L1 (Crash),00:55.0,0.029666012
0,531,HAMILTON,100,,L1 (Crash),00:55.0,0.029666012
0,532,HAMILTON,100,,L1 (Crash),00:55.0,0.029666012
0,533,HAMILTON,100,,L1 (Crash),00:55.0,0.029666012
0,534,HAMILTON,100,,L1 (Crash),00:55.0,0.029666012
0,535,HAMILTON,101,,L1 (Crash),00:55.0,0.029666012
0,536,HAMILTON,101,,L1 (Crash),00:55.0,0.029666012
0,537,HAMILTON,101,,L1 (Crash),00:55.0,0.029666012
0,538,HAMILTON,101,,L1 (Crash),00:55.0,0.029666012
0,539,HAMILTON,101,,L1 (Crash),00:55.0,0.029666012
0,540,HAMILTON,101,,L1 (Crash),00:55.0,0.029666012
0,541,HAMILTON,101,,L1 (Crash),00:55.0,0.029666012
0,542,HAMILTON,102,,L1 (Crash),00:55.0,0.029666012
0,543,HAMILTON,102,,L1 (Crash),00:55.0,0.029666012
0,544,HAMILTON,103,,L1 (Crash),00:55.0,0.029666012
0,545,HAMILTON,103,,L1 (Crash),00:55.0,0.029666012
0,546,HAMILTON,103,,L1 (Crash),00:55.0,0.029666012
0,547,HAMILTON,103,,L1 (Crash),00:55.0,0.029666012
0,548,HAMILTON,104,,L1 (Crash),00:55.0,0.029666012
0,549,HAMILTON,104,,L1 (Crash),00:55.0,0.029666012
0,550,HAMILTON,106,,L1 (Crash),00:55.0,0.029666012
0,551,HAMILTON,106,,L1 (Crash),00:55.0,0.029666012
0,552,HAMILTON,108,,L1 (Crash),00:55.0,0.029666012
0,553,HAMILTON,109,,L1 (Crash),00:55.0,0.029666012
0,554,HAMILTON,109,,L1 (Crash),00:55.0,0.029666012
0,555,HAMILTON,110,,L1 (Crash),00:55.0,0.029666012
0,556,HAMILTON,110,,L1 (Crash),00:55.0,0.029666012
0,557,HAMILTON,113,,L1 (Crash),00:55.0,0.029666012
0,558,HAMILTON,113,,L1 (Crash),00:55.0,0.029666012
0,559,HAMILTON,115,,L1 (Crash),00:55.0,0.029666012
0,560,HAMILTON,116,,L1 (Crash),00:55.0,0.029666012
0,561,HAMILTON,117,,L1 (Crash),00:55.0,0.029666012
0,562,HAMILTON,117,,L1 (Crash),00:55.0,0.029666012
0,563,HAMILTON,118,,L1 (Crash),00:55.0,0.029666012
0,564,HAMILTON,118,,L1 (Crash),00:55.0,0.029666012
0,565,HAMILTON,120,,L1 (Crash),00:55.0,0.029666012
0,566,HAMILTON,120,,L1 (Crash),00:55.0,0.029666012
0,567,HAMILTON,123,,L1 (Crash),00:55.0,0.029666012
0,568,HAMILTON,123,,L1 (Crash),00:55.0,0.029666012
0,569,HAMILTON,126,,L1 (Crash),00:55.0,0.029666012
0,570,HAMILTON,128,,L1 (Crash),00:55.0,0.029666012
0,571,HAMILTON,128,,L1 (Crash),00:55.0,0.029666012
0,572,HAMILTON,130,,L1 (Crash),00:55.0,0.029666012
0,573,HAMILTON,132,,L1 (Crash),00:55.0,0.029666012
0,574,HAMILTON,132,,L1 (Crash),00:55.0,0.029666012
0,575,HAMILTON,134,,L1 (Crash),00:55.0,0.029666012
0,576,HAMILTON,135,,L1 (Crash),00:55.0,0.029666012
0,577,HAMILTON,136,,L1 (Crash),00:55.0,0.029666012
0,578,HAMILTON,137,,L1 (Crash),00:55.0,0.029666012
0,579,HAMILTON,137,,L1 (Crash),00:55.0,0.029666012
0,580,HAMILTON,137,,L1 (Crash),00:55.0,0.029666012
0,581,HAMILTON,139,,L1 (Crash),00:55.0,0.029666012
0,582,HAMILTON,141,,L1 (Crash),00:55.0,0.029666012
0,583,HAMILTON,142,,L1 (Crash),00:55.0,0.029666012
0,584,HAMILTON,143,,L1 (Crash),00:55.0,0.029666012
0,585,HAMILTON,143,,L1 (Crash),00:55.0,0.029666012
0,586,HAMILTON,146,,L1 (Crash),00:55.0,0.029666012
0,587,HAMILTON,146,,L1 (Crash),00:55.0,0.029666012
0,588,HAMILTON,146,,L1 (Crash),00:55.0,0.029666012
0,589,HAMILTON,148,,L1 (Crash),00:55.0,0.029666012
0,590,HAMILTON,149,,L1 (Crash),00:55.0,0.029666012
0,591,HAMILTON,149,,L1 (Crash),00:55.0,0.029666012
0,592,HAMILTON,149,,L1 (Crash),00:55.0,0.029666012
0,593,HAMILTON,149,,L1 (Crash),00:55.0,0.029666012
0,594,HAMILTON,149,,L1 (Crash),00:55.0,0.029666012
0,595,HAMILTON,149,,L1 (Crash),00:55.0,0.029666012
0,596,HAMILTON,149,,L1 (Crash),00:55.0,0.029666012
0,597,HAMILTON,149,,L1 (Crash),00:55.0,0.029666012
0,598,HAMILTON,145,,L1 (Crash),00:55.0,0.029666012
0,599,HAMILTON,143,,L1 (Crash),00:55.0,0.029666012
0,600,HAMILTON,143,,L1 (Crash),00:55.0,0.029666012
0,601,HAMILTON,138,,L1 (Crash),00:55.0,0.029666012
0,602,HAMILTON,136,,L1 (Crash),00:55.0,0.029666012
0,603,HAMILTON,134,,L1 (Crash),00:55.0,0.029666012
0,604,HAMILTON,134,,L1 (Crash),00:55.0,0.029666012
0,605,HAMILTON,131,,L1 (Crash),00:55.0,0.029666012
0,606,HAMILTON,131,,L1 (Crash),00:55.0,0.029666012
0,607,HAMILTON,131,,L1 (Crash),00:55.0,0.029666012
0,608,HAMILTON,129,,L1 (Crash),00:55.0,0.029666012
0,609,HAMILTON,127,,L1 (Crash),00:55.0,0.029666012
0,610,HAMILTON,126,,L1 (Crash),00:55.0,0.029666012
0,611,HAMILTON,126,,L1 (Crash),00:55.0,0.029666012
0,612,HAMILTON,124,,L1 (Crash),00:55.0,0.029666012
0,613,HAMILTON,124,,L1 (Crash),00:55.0,0.029666012
0,614,HAMILTON,124,,L1 (Crash),00:55.0,0.029666012
0,615,HAMILTON,121,,L1 (Crash),00:55.0,0.029666012
0,616,HAMILTON,121,,L1 (Crash),00:55.0,0.029666012
0,617,HAMILTON,119,,L1 (Crash),00:55.0,0.029666012
0,618,HAMILTON,119,,L1 (Crash),00:55.0,0.029666012
0,619,HAMILTON,116,,L1 (Crash),00:55.0,0.029666012
0,620,HAMILTON,116,,L1 (Crash),00:55.0,0.029666012
0,621,HAMILTON,114,,L1 (Crash),00:55.0,0.029666012
0,622,HAMILTON,114,,L1 (Crash),00:55.0,0.029666012
0,623,HAMILTON,114,,L1 (Crash),00:55.0,0.029666012
0,624,HAMILTON,114,,L1 (Crash),00:55.0,0.029666012
0,625,HAMILTON,112,,L1 (Crash),00:55.0,0.029666012
0,626,HAMILTON,112,,L1 (Crash),00:55.0,0.029666012
0,627,HAMILTON,110,,L1 (Crash),00:55.0,0.029666012
0,628,HAMILTON,109,,L1 (Crash),00:55.0,0.029666012
0,629,HAMILTON,109,,L1 (Crash),00:55.0,0.029666012
0,630,HAMILTON,109,,L1 (Crash),00:55.0,0.029666012
0,631,HAMILTON,109,,L1 (Crash),00:55.0,0.029666012
0,632,HAMILTON,107,,L1 (Crash),00:55.0,0.029666012
0,633,HAMILTON,106,,L1 (Crash),00:55.0,0.029666012
0,634,HAMILTON,106,,L1 (Crash),00:55.0,0.029666012
0,635,HAMILTON,106,,L1 (Crash),00:55.0,0.029666012
0,636,HAMILTON,104,,L1 (Crash),00:55.0,0.029666012
0,637,HAMILTON,104,,L1 (Crash),00:55.0,0.029666012
0,638,HAMILTON,103,,L1 (Crash),00:55.0,0.029666012
0,639,HAMILTON,103,,L1 (Crash),00:55.0,0.029666012
0,640,HAMILTON,100,,L1 (Crash),00:55.0,0.029666012
0,641,HAMILTON,100,,L1 (Crash),00:55.0,0.029666012
0,642,HAMILTON,100,,L1 (Crash),00:55.0,0.029666012
0,643,HAMILTON,100,,L1 (Crash),00:55.0,0.029666012
0,644,HAMILTON,98,,L1 (Crash),00:55.0,0.029666012
0,645,HAMILTON,98,,L1 (Crash),00:55.0,0.029666012
0,646,HAMILTON,96,,L1 (Crash),00:55.0,0.029666012
0,647,HAMILTON,96,,L1 (Crash),00:55.0,0.029666012
0,648,HAMILTON,95,,L1 (Crash),00:55.0,0.029666012
0,649,HAMILTON,95,,L1 (Crash),00:55.0,0.029666012
0,650,HAMILTON,95,,L1 (Crash),00:55.0,0.029666012
0,651,HAMILTON,94,,L1 (Crash),00:55.0,0.029666012
0,652,HAMILTON,94,,L1 (Crash),00:55.0,0.029666012
0,653,HAMILTON,93,,L1 (Crash),00:55.0,0.029666012
0,654,HAMILTON,93,,L1 (Crash),00:55.0,0.029666012
0,655,HAMILTON,92,,L1 (Crash),00:55.0,0.029666012
0,656,HAMILTON,91,,L1 (Crash),00:55.0,0.029666012
0,657,HAMILTON,91,,L1 (Crash),00:55.0,0.029666012
0,658,HAMILTON,90,,L1 (Crash),00:55.0,0.029666012
0,659,HAMILTON,90,,L1 (Crash),00:55.0,0.029666012
0,660,HAMILTON,89,,L1 (Crash),00:55.0,0.029666012
0,661,HAMILTON,89,,L1 (Crash),00:55.0,0.029666012
0,662,HAMILTON,88,,L1 (Crash),00:55.0,0.029666012
0,663,HAMILTON,88,,L1 (Crash),00:55.0,0.029666012
0,664,HAMILTON,87,,L1 (Crash),00:55.0,0.029666012
0,665,HAMILTON,87,,L1 (Crash),00:55.0,0.029666012
0,666,HAMILTON,87,,L1 (Crash),00:55.0,0.029666012
0,667,HAMILTON,87,,L1 (Crash),00:55.0,0.029666012
0,668,HAMILTON,86,,L1 (Crash),00:55.0,0.029666012
0,669,HAMILTON,86,,L1 (Crash),00:55.0,0.029666012
0,670,HAMILTON,85,,L1 (Crash),00:55.0,0.029666012
0,671,HAMILTON,84,,L1 (Crash),00:55.0,0.029666012
0,672,HAMILTON,84,,L1 (Crash),00:55.0,0.029666012
0,673,HAMILTON,84,,L1 (Crash),00:55.0,0.029666012
0,674,HAMILTON,84,,L1 (Crash),00:55.0,0.029666012
0,675,HAMILTON,83,,L1 (Crash),00:55.0,0.029666012
0,676,HAMILTON,83,,L1 (Crash),00:55.0,0.029666012
0,677,HAMILTON,83,,L1 (Crash),00:55.0,0.029666012
0,678,HAMILTON,83,,L1 (Crash),00:55.0,0.029666012
0,679,HAMILTON,83,,L1 (Crash),00:55.0,0.029666012
0,680,HAMILTON,83,,L1 (Crash),00:55.0,0.029666012
0,681,HAMILTON,83,,L1 (Crash),00:55.0,0.029666012
0,682,HAMILTON,83,,L1 (Crash),00:55.0,0.029666012
0,683,HAMILTON,83,,L1 (Crash),00:55.0,0.029666012
0,684,HAMILTON,83,,L1 (Crash),00:55.0,0.029666012
0,685,HAMILTON,84,,L1 (Crash),00:55.0,0.029666012
0,686,HAMILTON,84,,L1 (Crash),00:55.0,0.029666012
0,687,HAMILTON,84,,L1 (Crash),00:55.0,0.029666012
0,688,HAMILTON,85,,L1 (Crash),00:55.0,0.029666012
0,689,HAMILTON,85,,L1 (Crash),00:55.0,0.029666012
0,690,HAMILTON,86,,L1 (Crash),00:55.0,0.029666012
0,691,HAMILTON,86,,L1 (Crash),00:55.0,0.029666012
0,692,HAMILTON,86,,L1 (Crash),00:55.0,0.029666012
0,693,HAMILTON,86,,L1 (Crash),00:55.0,0.029666012
0,694,HAMILTON,86,,L1 (Crash),00:55.0,0.029666012
0,695,HAMILTON,87,,L1 (Crash),00:55.0,0.029666012
0,696,HAMILTON,88,,L1 (Crash),00:55.0,0.029666012
0,697,HAMILTON,88,,L1 (Crash),00:55.0,0.029666012
0,698,HAMILTON,90,,L1 (Crash),00:55.0,0.029666012
0,699,HAMILTON,91,,L1 (Crash),00:55.0,0.029666012
0,700,HAMILTON,92,,L1 (Crash),00:55.0,0.029666012
0,701,HAMILTON,94,,L1 (Crash),00:55.0,0.029666012
0,702,HAMILTON,95,,L1 (Crash),00:55.0,0.029666012
0,703,HAMILTON,96,,L1 (Crash),00:55.0,0.029666012
0,704,HAMILTON,96,,L1 (Crash),00:55.0,0.029666012
0,705,HAMILTON,96,,L1 (Crash),00:55.0,0.029666012
0,706,HAMILTON,98,,L1 (Crash),00:55.0,0.029666012
0,707,HAMILTON,98,,L1 (Crash),00:55.0,0.029666012
0,708,HAMILTON,99,,L1 (Crash),00:55.0,0.029666012
0,709,HAMILTON,99,,L1 (Crash),00:55.0,0.029666012
0,710,HAMILTON,100,,L1 (Crash),00:55.0,0.029666012
0,711,HAMILTON,100,,L1 (Crash),00:55.0,0.029666012
0,712,HAMILTON,102,,L1 (Crash),00:55.0,0.029666012
0,713,HAMILTON,102,,L1 (Crash),00:55.0,0.029666012
0,714,HAMILTON,104,,L1 (Crash),00:55.0,0.029666012
0,715,HAMILTON,105,,L1 (Crash),00:55.0,0.029666012
0,716,HAMILTON,105,,L1 (Crash),00:55.0,0.029666012
0,717,HAMILTON,105,,L1 (Crash),00:55.0,0.029666012
0,718,HAMILTON,106,,L1 (Crash),00:55.0,0.029666012
0,719,HAMILTON,106,,L1 (Crash),00:55.0,0.029666012
0,720,HAMILTON,109,,L1 (Crash),00:55.0,0.029666012
0,721,HAMILTON,109,,L1 (Crash),00:55.0,0.029666012
0,722,HAMILTON,113,,L1 (Crash),00:55.0,0.029666012
0,723,HAMILTON,113,,L1 (Crash),00:55.0,0.029666012
0,724,HAMILTON,116,,L1 (Crash),00:55.0,0.029666012
0,725,HAMILTON,116,,L1 (Crash),00:55.0,0.029666012
0,726,HAMILTON,116,,L1 (Crash),00:55.0,0.029666012
0,727,HAMILTON,120,,L1 (Crash),00:55.0,0.029666012
0,728,HAMILTON,120,,L1 (Crash),00:55.0,0.029666012
0,729,HAMILTON,123,,L1 (Crash),00:55.0,0.029666012
0,730,HAMILTON,123,,L1 (Crash),00:55.0,0.029666012
0,731,HAMILTON,126,,L1 (Crash),00:55.0,0.029666012
0,732,HAMILTON,126,,L1 (Crash),00:55.0,0.029666012
0,733,HAMILTON,128,,L1 (Crash),00:55.0,0.029666012
0,734,HAMILTON,128,,L1 (Crash),00:55.0,0.029666012
0,735,HAMILTON,130,,L1 (Crash),00:55.0,0.029666012
0,736,HAMILTON,132,,L1 (Crash),00:55.0,0.029666012
0,737,HAMILTON,134,,L1 (Crash),00:55.0,0.029666012
0,738,HAMILTON,134,,L1 (Crash),00:55.0,0.029666012
0,739,HAMILTON,138,,L1 (Crash),00:55.0,0.029666012
0,740,HAMILTON,141,,L1 (Crash),00:55.0,0.029666012
0,741,HAMILTON,141,,L1 (Crash),00:55.0,0.029666012
0,742,HAMILTON,145,,L1 (Crash),00:55.0,0.029666012
0,743,HAMILTON,145,,L1 (Crash),00:55.0,0.029666012
0,744,HAMILTON,145,,L1 (Crash),00:55.0,0.029666012
0,745,HAMILTON,149,,L1 (Crash),00:55.0,0.029666012
0,746,HAMILTON,149,,L1 (Crash),00:55.0,0.029666012
0,747,HAMILTON,152,,L1 (Crash),00:55.0,0.029666012
0,748,HAMILTON,152,,L1 (Crash),00:55.0,0.029666012
0,749,HAMILTON,155,,L1 (Crash),00:55.0,0.029666012
0,750,HAMILTON,155,,L1 (Crash),00:55.0,0.029666012
0,751,HAMILTON,155,,L1 (Crash),00:55.0,0.029666012
0,752,HAMILTON,158,,L1 (Crash),00:55.0,0.029666012
0,753,HAMILTON,159,,L1 (Crash),00:55.0,0.029666012
0,754,HAMILTON,160,,L1 (Crash),00:55.0,0.029666012
0,755,HAMILTON,161,,L1 (Crash),00:55.0,0.029666012
0,756,HAMILTON,161,,L1 (Crash),00:55.0,0.029666012
0,757,HAMILTON,164,,L1 (Crash),00:55.0,0.029666012
0,758,HAMILTON,165,,L1 (Crash),00:55.0,0.029666012
0,759,HAMILTON,166,,L1 (Crash),00:55.0,0.029666012
0,760,HAMILTON,166,,L1 (Crash),00:55.0,0.029666012
0,761,HAMILTON,169,,L1 (Crash),00:55.0,0.029666012
0,762,HAMILTON,171,,L1 (Crash),00:55.0,0.029666012
0,763,HAMILTON,171,,L1 (Crash),00:55.0,0.029666012
0,764,HAMILTON,174,,L1 (Crash),00:55.0,0.029666012
0,765,HAMILTON,176,,L1 (Crash),00:55.0,0.029666012
0,766,HAMILTON,177,,L1 (Crash),00:55.0,0.029666012
0,767,HAMILTON,177,,L1 (Crash),00:55.0,0.029666012
0,768,HAMILTON,178,,L1 (Crash),00:55.0,0.029666012
0,769,HAMILTON,179,,L1 (Crash),00:55.0,0.029666012
0,770,HAMILTON,179,,L1 (Crash),00:55.0,0.029666012
0,771,HAMILTON,182,,L1 (Crash),00:55.0,0.029666012
0,772,HAMILTON,182,,L1 (Crash),00:55.0,0.029666012
0,773,HAMILTON,184,,L1 (Crash),00:55.0,0.029666012
0,774,HAMILTON,184,,L1 (Crash),00:55.0,0.029666012
0,775,HAMILTON,186,,L1 (Crash),00:55.0,0.029666012
0,776,HAMILTON,186,,L1 (Crash),00:55.0,0.029666012
0,777,HAMILTON,186,,L1 (Crash),00:55.0,0.029666012
0,778,HAMILTON,189,,L1 (Crash),00:55.0,0.029666012
0,779,HAMILTON,189,,L1 (Crash),00:55.0,0.029666012
0,780,HAMILTON,192,,L1 (Crash),00:55.0,0.029666012
0,781,HAMILTON,192,,L1 (Crash),00:55.0,0.029666012
0,782,HAMILTON,195,,L1 (Crash),00:55.0,0.029666012
0,783,HAMILTON,195,,L1 (Crash),00:55.0,0.029666012
0,784,HAMILTON,195,,L1 (Crash),00:55.0,0.029666012
0,785,HAMILTON,198,,L1 (Crash),00:55.0,0.029666012
0,786,HAMILTON,198,,L1 (Crash),00:55.0,0.029666012
0,787,HAMILTON,199,,L1 (Crash),00:55.0,0.029666012
0,788,HAMILTON,200,,L1 (Crash),00:55.0,0.029666012
0,789,HAMILTON,201,,L1 (Crash),00:55.0,0.029666012
0,790,HAMILTON,201,,L1 (Crash),00:55.0,0.029666012
0,791,HAMILTON,203,,L1 (Crash),00:55.0,0.029666012
0,792,HAMILTON,203,,L1 (Crash),00:55.0,0.029666012
0,793,HAMILTON,203,,L1 (Crash),00:55.0,0.029666012
0,794,HAMILTON,205,,L1 (Crash),00:55.0,0.029666012
0,795,HAMILTON,206,,L1 (Crash),00:55.0,0.029666012
0,796,HAMILTON,206,,L1 (Crash),00:55.0,0.029666012
0,797,HAMILTON,208,,L1 (Crash),00:55.0,0.029666012
0,798,HAMILTON,208,,L1 (Crash),00:55.0,0.029666012
0,799,HAMILTON,210,,L1 (Crash),00:55.0,0.029666012
0,800,HAMILTON,211,,L1 (Crash),00:55.0,0.029666012
0,801,HAMILTON,211,,L1 (Crash),00:55.0,0.029666012
0,802,HAMILTON,211,,L1 (Crash),00:55.0,0.029666012
0,803,HAMILTON,214,,L1 (Crash),00:55.0,0.029666012
0,804,HAMILTON,215,,L1 (Crash),00:55.0,0.029666012
0,805,HAMILTON,215,,L1 (Crash),00:55.0,0.029666012
0,806,HAMILTON,217,,L1 (Crash),00:55.0,0.029666012
0,807,HAMILTON,217,,L1 (Crash),00:55.0,0.029666012
0,808,HAMILTON,219,,L1 (Crash),00:55.0,0.029666012
0,809,HAMILTON,220,,L1 (Crash),00:55.0,0.029666012
0,810,HAMILTON,220,,L1 (Crash),00:55.0,0.029666012
0,811,HAMILTON,220,,L1 (Crash),00:55.0,0.029666012
0,812,HAMILTON,221,,L1 (Crash),00:55.0,0.029666012
0,813,HAMILTON,221,,L1 (Crash),00:55.0,0.029666012
0,814,HAMILTON,223,,L1 (Crash),00:55.0,0.029666012
0,815,HAMILTON,223,,L1 (Crash),00:55.0,0.029666012
0,816,HAMILTON,224,,L1 (Crash),00:55.0,0.029666012
0,817,HAMILTON,224,,L1 (Crash),00:55.0,0.029666012
0,818,HAMILTON,225,,L1 (Crash),00:55.0,0.029666012
0,819,HAMILTON,226,,L1 (Crash),00:55.0,0.029666012
0,820,HAMILTON,227,,L1 (Crash),00:55.0,0.029666012
0,821,HAMILTON,228,,L1 (Crash),00:55.0,0.029666012
0,822,HAMILTON,228,,L1 (Crash),00:55.0,0.029666012
0,823,HAMILTON,229,,L1 (Crash),00:55.0,0.029666012
0,824,HAMILTON,230,,L1 (Crash),00:55.0,0.029666012
0,825,HAMILTON,230,,L1 (Crash),00:55.0,0.029666012
0,826,HAMILTON,230,,L1 (Crash),00:55.0,0.029666012
0,827,HAMILTON,230,,L1 (Crash),00:55.0,0.029666012
0,828,HAMILTON,231,,L1 (Crash),00:55.0,0.029666012
0,829,HAMILTON,231,,L1 (Crash),00:55.0,0.029666012
0,830,HAMILTON,232,,L1 (Crash),00:55.0,0.029666012
0,831,HAMILTON,232,,L1 (Crash),00:55.0,0.029666012
0,832,HAMILTON,232,,L1 (Crash),00:55.0,0.029666012
0,833,HAMILTON,232,,L1 (Crash),00:55.0,0.029666012
0,834,HAMILTON,232,,L1 (Crash),00:55.0,0.029666012
0,835,HAMILTON,232,,L1 (Crash),00:55.0,0.029666012
0,836,HAMILTON,232,,L1 (Crash),00:55.0,0.029666012
0,837,HAMILTON,232,,L1 (Crash),00:55.0,0.029666012
0,838,HAMILTON,232,,L1 (Crash),00:55.0,0.029666012
0,839,HAMILTON,235,,L1 (Crash),00:55.0,0.029666012
0,840,HAMILTON,235,,L1 (Crash),00:55.0,0.029666012
0,841,HAMILTON,237,,L1 (Crash),00:55.0,0.029666012
0,842,HAMILTON,237,,L1 (Crash),00:55.0,0.029666012
0,843,HAMILTON,238,,L1 (Crash),00:55.0,0.029666012
0,844,HAMILTON,238,,L1 (Crash),00:55.0,0.029666012
0,845,HAMILTON,241,,L1 (Crash),00:55.0,0.029666012
0,846,HAMILTON,241,,L1 (Crash),00:55.0,0.029666012
0,847,HAMILTON,242,,L1 (Crash),00:55.0,0.029666012
0,848,HAMILTON,242,,L1 (Crash),00:55.0,0.029666012
0,849,HAMILTON,243,,L1 (Crash),00:55.0,0.029666012
0,850,HAMILTON,243,,L1 (Crash),00:55.0,0.029666012
0,851,HAMILTON,244,,L1 (Crash),00:55.0,0.029666012
0,852,HAMILTON,245,,L1 (Crash),00:55.0,0.029666012
0,853,HAMILTON,246,,L1 (Crash),00:55.0,0.029666012
0,854,HAMILTON,246,,L1 (Crash),00:55.0,0.029666012
0,855,HAMILTON,247,,L1 (Crash),00:55.0,0.029666012
0,856,HAMILTON,247,,L1 (Crash),00:55.0,0.029666012
0,857,HAMILTON,248,,L1 (Crash),00:55.0,0.029666012
0,858,HAMILTON,248,,L1 (Crash),00:55.0,0.029666012
0,859,HAMILTON,248,,L1 (Crash),00:55.0,0.029666012
0,860,HAMILTON,249,,L1 (Crash),00:55.0,0.029666012
0,861,HAMILTON,249,,L1 (Crash),00:55.0,0.029666012
0,862,HAMILTON,249,,L1 (Crash),00:55.0,0.029666012
0,863,HAMILTON,250,,L1 (Crash),00:55.0,0.029666012
0,864,HAMILTON,251,,L1 (Crash),00:55.0,0.029666012
0,865,HAMILTON,251,,L1 (Crash),00:55.0,0.029666012
0,866,HAMILTON,253,,L1 (Crash),00:55.0,0.029666012
0,867,HAMILTON,253,,L1 (Crash),00:55.0,0.029666012
0,868,HAMILTON,253,,L1 (Crash),00:55.0,0.029666012
0,869,HAMILTON,254,,L1 (Crash),00:55.0,0.029666012
0,870,HAMILTON,254,,L1 (Crash),00:55.0,0.029666012
0,871,HAMILTON,256,,L1 (Crash),00:55.0,0.029666012
0,872,HAMILTON,256,,L1 (Crash),00:55.0,0.029666012
0,873,HAMILTON,257,,L1 (Crash),00:55.0,0.029666012
0,874,HAMILTON,257,,L1 (Crash),00:55.0,0.029666012
0,875,HAMILTON,257,,L1 (Crash),00:55.0,0.029666012
0,876,HAMILTON,257,,L1 (Crash),00:55.0,0.029666012
0,877,HAMILTON,257,,L1 (Crash),00:55.0,0.029666012
0,878,HAMILTON,258,,L1 (Crash),00:55.0,0.029666012
0,879,HAMILTON,259,,L1 (Crash),00:55.0,0.029666012
0,880,HAMILTON,259,,L1 (Crash),00:55.0,0.029666012
0,881,HAMILTON,259,,L1 (Crash),00:55.0,0.029666012
0,882,HAMILTON,259,,L1 (Crash),00:55.0,0.029666012
0,883,HAMILTON,260,,L1 (Crash),00:55.0,0.029666012
0,884,HAMILTON,260,,L1 (Crash),00:55.0,0.029666012
0,885,HAMILTON,260,,L1 (Crash),00:55.0,0.029666012
0,886,HAMILTON,260,,L1 (Crash),00:55.0,0.029666012
0,887,HAMILTON,260,,L1 (Crash),00:55.0,0.029666012
0,888,HAMILTON,260,,L1 (Crash),00:55.0,0.029666012
0,889,HAMILTON,260,,L1 (Crash),00:55.0,0.029666012
0,890,HAMILTON,263,,L1 (Crash),00:55.0,0.029666012
0,891,HAMILTON,263,,L1 (Crash),00:55.0,0.029666012
0,892,HAMILTON,265,,L1 (Crash),00:55.0,0.029666012
0,893,HAMILTON,265,,L1 (Crash),00:55.0,0.029666012
0,894,HAMILTON,265,,L1 (Crash),00:55.0,0.029666012
0,895,HAMILTON,267,,L1 (Crash),00:55.0,0.029666012
0,896,HAMILTON,268,,L1 (Crash),00:55.0,0.029666012
0,897,HAMILTON,269,,L1 (Crash),00:55.0,0.029666012
0,898,HAMILTON,269,,L1 (Crash),00:55.0,0.029666012
0,899,HAMILTON,270,,L1 (Crash),00:55.0,0.029666012
0,900,HAMILTON,270,,L1 (Crash),00:55.0,0.029666012
0,901,HAMILTON,272,,L1 (Crash),00:55.0,0.029666012
0,902,HAMILTON,272,,L1 (Crash),00:55.0,0.029666012
0,903,HAMILTON,272,,L1 (Crash),00:55.0,0.029666012
0,904,HAMILTON,272,,L1 (Crash),00:55.0,0.029666012
0,905,HAMILTON,274,,L1 (Crash),00:55.0,0.029666012
0,906,HAMILTON,274,,L1 (Crash),00:55.0,0.029666012
0,907,HAMILTON,274,,L1 (Crash),00:55.0,0.029666012
0,908,HAMILTON,275,,L1 (Crash),00:55.0,0.029666012
0,909,HAMILTON,275,,L1 (Crash),00:55.0,0.029666012
0,910,HAMILTON,276,,L1 (Crash),00:55.0,0.029666012
0,911,HAMILTON,276,,L1 (Crash),00:55.0,0.029666012
0,912,HAMILTON,276,,L1 (Crash),00:55.0,0.029666012
0,913,HAMILTON,277,,L1 (Crash),00:55.0,0.029666012
0,914,HAMILTON,277,,L1 (Crash),00:55.0,0.029666012
0,915,HAMILTON,277,,L1 (Crash),00:55.0,0.029666012
0,916,HAMILTON,277,,L1 (Crash),00:55.0,0.029666012
0,917,HAMILTON,278,,L1 (Crash),00:55.0,0.029666012
0,918,HAMILTON,278,,L1 (Crash),00:55.0,0.029666012
0,919,HAMILTON,279,,L1 (Crash),00:55.0,0.029666012
0,920,HAMILTON,279,,L1 (Crash),00:55.0,0.029666012
0,921,HAMILTON,279,,L1 (Crash),00:55.0,0.029666012
0,922,HAMILTON,279,,L1 (Crash),00:55.0,0.029666012
0,923,HAMILTON,279,,L1 (Crash),00:55.0,0.029666012
0,924,HAMILTON,280,,L1 (Crash),00:55.0,0.029666012
0,925,HAMILTON,281,,L1 (Crash),00:55.0,0.029666012
0,926,HAMILTON,281,,L1 (Crash),00:55.0,0.029666012
0,927,HAMILTON,281,,L1 (Crash),00:55.0,0.029666012
0,928,HAMILTON,281,,L1 (Crash),00:55.0,0.029666012
0,929,HAMILTON,282,,L1 (Crash),00:55.0,0.029666012
0,930,HAMILTON,282,,L1 (Crash),00:55.0,0.029666012
0,931,HAMILTON,283,,L1 (Crash),00:55.0,0.029666012
0,932,HAMILTON,283,,L1 (Crash),00:55.0,0.029666012
0,933,HAMILTON,283,,L1 (Crash),00:55.0,0.029666012
0,934,HAMILTON,283,,L1 (Crash),00:55.0,0.029666012
0,935,HAMILTON,283,,L1 (Crash),00:55.0,0.029666012
0,936,HAMILTON,283,,L1 (Crash),00:55.0,0.029666012
0,937,HAMILTON,283,,L1 (Crash),00:55.0,0.029666012
0,938,HAMILTON,283,,L1 (Crash),00:55.0,0.029666012
0,939,HAMILTON,284,,L1 (Crash),00:55.0,0.029666012
0,940,HAMILTON,284,,L1 (Crash),00:55.0,0.029666012
0,941,HAMILTON,284,,L1 (Crash),00:55.0,0.029666012
0,942,HAMILTON,284,,L1 (Crash),00:55.0,0.029666012
0,943,HAMILTON,284,,L1 (Crash),00:55.0,0.029666012
0,944,HAMILTON,284,,L1 (Crash),00:55.0,0.029666012
0,945,HAMILTON,284,,L1 (Crash),00:55.0,0.029666012
0,946,HAMILTON,284,,L1 (Crash),00:55.0,0.029666012
0,947,HAMILTON,285,,L1 (Crash),00:55.0,0.029666012
0,948,HAMILTON,285,,L1 (Crash),00:55.0,0.029666012
0,949,HAMILTON,285,,L1 (Crash),00:55.0,0.029666012
0,950,HAMILTON,285,,L1 (Crash),00:55.0,0.029666012
0,951,HAMILTON,286,,L1 (Crash),00:55.0,0.029666012
0,952,HAMILTON,287,,L1 (Crash),00:55.0,0.029666012
0,953,HAMILTON,287,,L1 (Crash),00:55.0,0.029666012
0,954,HAMILTON,287,,L1 (Crash),00:55.0,0.029666012
0,955,HAMILTON,288,,L1 (Crash),00:55.0,0.029666012
0,956,HAMILTON,288,,L1 (Crash),00:55.0,0.029666012
0,957,HAMILTON,288,,L1 (Crash),00:55.0,0.029666012
0,958,HAMILTON,288,,L1 (Crash),00:55.0,0.029666012
0,959,HAMILTON,288,,L1 (Crash),00:55.0,0.029666012
0,960,HAMILTON,288,,L1 (Crash),00:55.0,0.029666012
0,961,HAMILTON,288,,L1 (Crash),00:55.0,0.029666012
0,962,HAMILTON,288,,L1 (Crash),00:55.0,0.029666012
0,963,HAMILTON,288,,L1 (Crash),00:55.0,0.029666012
0,964,HAMILTON,289,,L1 (Crash),00:55.0,0.029666012
0,965,HAMILTON,289,,L1 (Crash),00:55.0,0.029666012
0,966,HAMILTON,289,,L1 (Crash),00:55.0,0.029666012
0,967,HAMILTON,289,,L1 (Crash),00:55.0,0.029666012
0,968,HAMILTON,289,,L1 (Crash),00:55.0,0.029666012
0,969,HAMILTON,289,,L1 (Crash),00:55.0,0.029666012
0,970,HAMILTON,289,,L1 (Crash),00:55.0,0.029666012
0,971,HAMILTON,290,,L1 (Crash),00:55.0,0.029666012
0,972,HAMILTON,290,,L1 (Crash),00:55.0,0.029666012
0,973,HAMILTON,290,,L1 (Crash),00:55.0,0.029666012
0,974,HAMILTON,290,,L1 (Crash),00:55.0,0.029666012
0,975,HAMILTON,290,,L1 (Crash),00:55.0,0.029666012
0,976,HAMILTON,291,,L1 (Crash),00:55.0,0.029666012
0,977,HAMILTON,291,,L1 (Crash),00:55.0,0.029666012
0,978,HAMILTON,291,,L1 (Crash),00:55.0,0.029666012
0,979,HAMILTON,291,,L1 (Crash),00:55.0,0.029666012
0,980,HAMILTON,292,,L1 (Crash),00:55.0,0.029666012
0,981,HAMILTON,292,,L1 (Crash),00:55.0,0.029666012
0,982,HAMILTON,292,,L1 (Crash),00:55.0,0.029666012
0,983,HAMILTON,292,,L1 (Crash),00:55.0,0.029666012
0,984,HAMILTON,292,,L1 (Crash),00:55.0,0.029666012
0,985,HAMILTON,292,,L1 (Crash),00:55.0,0.029666012
0,986,HAMILTON,292,,L1 (Crash),00:55.0,0.029666012
0,987,HAMILTON,292,,L1 (Crash),00:55.0,0.029666012
0,988,HAMILTON,292,,L1 (Crash),00:55.0,0.029666012
0,989,HAMILTON,292,,L1 (Crash),00:55.0,0.029666012
0,990,HAMILTON,293,,L1 (Crash),00:55.0,0.029666012
0,991,HAMILTON,293,,L1 (Crash),00:55.0,0.029666012
0,992,HAMILTON,293,,L1 (Crash),00:55.0,0.029666012
0,993,HAMILTON,293,,L1 (Crash),00:55.0,0.029666012
0,994,HAMILTON,293,,L1 (Crash),00:55.0,0.029666012
0,995,HAMILTON,293,,L1 (Crash),00:55.0,0.029666012
0,996,HAMILTON,294,,L1 (Crash),00:55.0,0.029666012
0,997,HAMILTON,294,,L1 (Crash),00:55.0,0.029666012
0,998,HAMILTON,294,,L1 (Crash),00:55.0,0.029666012
0,999,HAMILTON,294,,L1 (Crash),00:55.0,0.029666012
0,1000,HAMILTON,294,,L1 (Crash),00:55.0,0.029666012
0,1001,HAMILTON,294,,L1 (Crash),00:55.0,0.029666012
0,1002,HAMILTON,294,,L1 (Crash),00:55.0,0.029666012
0,1003,HAMILTON,294,,L1 (Crash),00:55.0,0.029666012
0,1004,HAMILTON,294,,L1 (Crash),00:55.0,0.029666012
0,1005,HAMILTON,294,,L1 (Crash),00:55.0,0.029666012
0,1006,HAMILTON,294,,L1 (Crash),00:55.0,0.029666012
0,1007,HAMILTON,295,,L1 (Crash),00:55.0,0.029666012
0,1008,HAMILTON,295,,L1 (Crash),00:55.0,0.029666012
0,1009,HAMILTON,295,,L1 (Crash),00:55.0,0.029666012
0,1010,HAMILTON,295,,L1 (Crash),00:55.0,0.029666012
0,1011,HAMILTON,295,,L1 (Crash),00:55.0,0.029666012
0,1012,HAMILTON,295,,L1 (Crash),00:55.0,0.029666012
0,1013,HAMILTON,296,,L1 (Crash),00:55.0,0.029666012
0,1014,HAMILTON,296,,L1 (Crash),00:55.0,0.029666012
0,1015,HAMILTON,296,,L1 (Crash),00:55.0,0.029666012
0,1016,HAMILTON,296,,L1 (Crash),00:55.0,0.029666012
0,1017,HAMILTON,296,,L1 (Crash),00:55.0,0.029666012
0,1018,HAMILTON,296,,L1 (Crash),00:55.0,0.029666012
0,1019,HAMILTON,296,,L1 (Crash),00:55.0,0.029666012
0,1020,HAMILTON,296,,L1 (Crash),00:55.0,0.029666012
0,1021,HAMILTON,296,,L1 (Crash),00:55.0,0.029666012
0,1022,HAMILTON,296,,L1 (Crash),00:55.0,0.029666012
0,1023,HAMILTON,296,,L1 (Crash),00:55.0,0.029666012
0,1024,HAMILTON,296,,L1 (Crash),00:55.0,0.029666012
0,1025,HAMILTON,296,,L1 (Crash),00:55.0,0.029666012
0,1026,HAMILTON,296,,L1 (Crash),00:55.0,0.029666012
0,1027,HAMILTON,296,,L1 (Crash),00:55.0,0.029666012
0,1028,HAMILTON,296,,L1 (Crash),00:55.0,0.029666012
0,1029,HAMILTON,296,,L1 (Crash),00:55.0,0.029666012
0,1030,HAMILTON,297,,L1 (Crash),00:55.0,0.029666012
0,1031,HAMILTON,297,,L1 (Crash),00:55.0,0.029666012
0,1032,HAMILTON,297,,L1 (Crash),00:55.0,0.029666012
0,1033,HAMILTON,297,,L1 (Crash),00:55.0,0.029666012
0,1034,HAMILTON,297,,L1 (Crash),00:55.0,0.029666012
0,1035,HAMILTON,297,,L1 (Crash),00:55.0,0.029666012
0,1036,HAMILTON,297,,L1 (Crash),00:55.0,0.029666012
0,1037,HAMILTON,298,,L1 (Crash),00:55.0,0.029666012
0,1038,HAMILTON,298,,L1 (Crash),00:55.0,0.029666012
0,1039,HAMILTON,298,,L1 (Crash),00:55.0,0.029666012
0,1040,HAMILTON,298,,L1 (Crash),00:55.0,0.029666012
0,1041,HAMILTON,298,,L1 (Crash),00:55.0,0.029666012
0,1042,HAMILTON,298,,L1 (Crash),00:55.0,0.029666012
0,1043,HAMILTON,298,,L1 (Crash),00:55.0,0.029666012
0,1044,HAMILTON,298,,L1 (Crash),00:55.0,0.029666012
0,1045,HAMILTON,298,,L1 (Crash),00:55.0,0.029666012
0,1046,HAMILTON,298,,L1 (Crash),00:55.0,0.029666012
0,1047,HAMILTON,298,,L1 (Crash),00:55.0,0.029666012
0,1048,HAMILTON,298,,L1 (Crash),00:55.0,0.029666012
0,1049,HAMILTON,298,,L1 (Crash),00:55.0,0.029666012
0,1050,HAMILTON,298,,L1 (Crash),00:55.0,0.029666012
0,1051,HAMILTON,298,,L1 (Crash),00:55.0,0.029666012
0,1052,HAMILTON,298,,L1 (Crash),00:55.0,0.029666012
0,1053,HAMILTON,298,,L1 (Crash),00:55.0,0.029666012
0,1054,HAMILTON,299,,L1 (Crash),00:55.0,0.029666012
0,1055,HAMILTON,299,,L1 (Crash),00:55.0,0.029666012
0,1056,HAMILTON,299,,L1 (Crash),00:55.0,0.029666012
0,1057,HAMILTON,299,,L1 (Crash),00:55.0,0.029666012
0,1058,HAMILTON,299,,L1 (Crash),00:55.0,0.029666012
0,1059,HAMILTON,299,,L1 (Crash),00:55.0,0.029666012
0,1060,HAMILTON,299,,L1 (Crash),00:55.0,0.029666012
0,1061,HAMILTON,299,,L1 (Crash),00:55.0,0.029666012
0,1062,HAMILTON,299,,L1 (Crash),00:55.0,0.029666012
0,1063,HAMILTON,299,,L1 (Crash),00:55.0,0.029666012
0,1064,HAMILTON,299,,L1 (Crash),00:55.0,0.029666012
0,1065,HAMILTON,299,,L1 (Crash),00:55.0,0.029666012
0,1066,HAMILTON,299,,L1 (Crash),00:55.0,0.029666012
0,1067,HAMILTON,299,,L1 (Crash),00:55.0,0.029666012
0,1068,HAMILTON,299,,L1 (Crash),00:55.0,0.029666012
0,1069,HAMILTON,299,,L1 (Crash),00:55.0,0.029666012
0,1070,HAMILTON,300,,L1 (Crash),00:55.0,0.029666012
0,1071,HAMILTON,300,,L1 (Crash),00:55.0,0.029666012
0,1072,HAMILTON,300,,L1 (Crash),00:55.0,0.029666012
0,1073,HAMILTON,300,,L1 (Crash),00:55.0,0.029666012
0,1074,HAMILTON,300,,L1 (Crash),00:55.0,0.029666012
0,1075,HAMILTON,300,,L1 (Crash),00:55.0,0.029666012
0,1076,HAMILTON,300,,L1 (Crash),00:55.0,0.029666012
0,1077,HAMILTON,300,,L1 (Crash),00:55.0,0.029666012
0,1078,HAMILTON,301,,L1 (Crash),00:55.0,0.029666012
0,1079,HAMILTON,301,,L1 (Crash),00:55.0,0.029666012
0,1080,HAMILTON,301,,L1 (Crash),00:55.0,0.029666012
0,1081,HAMILTON,301,,L1 (Crash),00:55.0,0.029666012
0,1082,HAMILTON,301,,L1 (Crash),00:55.0,0.029666012
0,1083,HAMILTON,301,,L1 (Crash),00:55.0,0.029666012
0,1084,HAMILTON,301,,L1 (Crash),00:55.0,0.029666012
0,1085,HAMILTON,301,,L1 (Crash),00:55.0,0.029666012
0,1086,HAMILTON,301,,L1 (Crash),00:55.0,0.029666012
0,1087,HAMILTON,299,,L1 (Crash),00:55.0,0.029666012
0,1088,HAMILTON,299,,L1 (Crash),00:55.0,0.029666012
0,1089,HAMILTON,295,,L1 (Crash),00:55.0,0.029666012
0,1090,HAMILTON,295,,L1 (Crash),00:55.0,0.029666012
0,1091,HAMILTON,292,,L1 (Crash),00:55.0,0.029666012
0,1092,HAMILTON,290,,L1 (Crash),00:55.0,0.029666012
0,1093,HAMILTON,290,,L1 (Crash),00:55.0,0.029666012
0,1094,HAMILTON,290,,L1 (Crash),00:55.0,0.029666012
0,1095,HAMILTON,285,,L1 (Crash),00:55.0,0.029666012
0,1096,HAMILTON,281,,L1 (Crash),00:55.0,0.029666012
0,1097,HAMILTON,281,,L1 (Crash),00:55.0,0.029666012
0,1098,HAMILTON,275,,L1 (Crash),00:55.0,0.029666012
0,1099,HAMILTON,272,,L1 (Crash),00:55.0,0.029666012
0,1100,HAMILTON,272,,L1 (Crash),00:55.0,0.029666012
0,1101,HAMILTON,265,,L1 (Crash),00:55.0,0.029666012
0,1102,HAMILTON,262,,L1 (Crash),00:55.0,0.029666012
0,1103,HAMILTON,262,,L1 (Crash),00:55.0,0.029666012
0,1104,HAMILTON,262,,L1 (Crash),00:55.0,0.029666012
0,1105,HAMILTON,256,,L1 (Crash),00:55.0,0.029666012
0,1106,HAMILTON,256,,L1 (Crash),00:55.0,0.029666012
0,1107,HAMILTON,250,,L1 (Crash),00:55.0,0.029666012
0,1108,HAMILTON,250,,L1 (Crash),00:55.0,0.029666012
0,1109,HAMILTON,244,,L1 (Crash),00:55.0,0.029666012
0,1110,HAMILTON,240,,L1 (Crash),00:55.0,0.029666012
0,1111,HAMILTON,240,,L1 (Crash),00:55.0,0.029666012
0,1112,HAMILTON,240,,L1 (Crash),00:55.0,0.029666012
0,1113,HAMILTON,233,,L1 (Crash),00:55.0,0.029666012
0,1114,HAMILTON,229,,L1 (Crash),00:55.0,0.029666012
0,1115,HAMILTON,229,,L1 (Crash),00:55.0,0.029666012
0,1116,HAMILTON,221,,L1 (Crash),00:55.0,0.029666012
0,1117,HAMILTON,217,,L1 (Crash),00:55.0,0.029666012
0,1118,HAMILTON,214,,L1 (Crash),00:55.0,0.029666012
0,1119,HAMILTON,214,,L1 (Crash),00:55.0,0.029666012
0,1120,HAMILTON,209,,L1 (Crash),00:55.0,0.029666012
0,1121,HAMILTON,209,,L1 (Crash),00:55.0,0.029666012
0,1122,HAMILTON,204,,L1 (Crash),00:55.0,0.029666012
0,1123,HAMILTON,202,,L1 (Crash),00:55.0,0.029666012
0,1124,HAMILTON,199,,L1 (Crash),00:55.0,0.029666012
0,1125,HAMILTON,197,,L1 (Crash),00:55.0,0.029666012
0,1126,HAMILTON,194,,L1 (Crash),00:55.0,0.029666012
0,1127,HAMILTON,194,,L1 (Crash),00:55.0,0.029666012
0,1128,HAMILTON,194,,L1 (Crash),00:55.0,0.029666012
0,1129,HAMILTON,189,,L1 (Crash),00:55.0,0.029666012
0,1130,HAMILTON,186,,L1 (Crash),00:55.0,0.029666012
0,1131,HAMILTON,186,,L1 (Crash),00:55.0,0.029666012
0,1132,HAMILTON,181,,L1 (Crash),00:55.0,0.029666012
0,1133,HAMILTON,181,,L1 (Crash),00:55.0,0.029666012
0,1134,HAMILTON,177,,L1 (Crash),00:55.0,0.029666012
0,1135,HAMILTON,175,,L1 (Crash),00:55.0,0.029666012
0,1136,HAMILTON,175,,L1 (Crash),00:55.0,0.029666012
0,1137,HAMILTON,174,,L1 (Crash),00:55.0,0.029666012
0,1138,HAMILTON,174,,L1 (Crash),00:55.0,0.029666012
0,1139,HAMILTON,171,,L1 (Crash),00:55.0,0.029666012
0,1140,HAMILTON,169,,L1 (Crash),00:55.0,0.029666012
0,1141,HAMILTON,168,,L1 (Crash),00:55.0,0.029666012
0,1142,HAMILTON,168,,L1 (Crash),00:55.0,0.029666012
0,1143,HAMILTON,165,,L1 (Crash),00:55.0,0.029666012
0,1144,HAMILTON,165,,L1 (Crash),00:55.0,0.029666012
0,1145,HAMILTON,165,,L1 (Crash),00:55.0,0.029666012
0,1146,HAMILTON,162,,L1 (Crash),00:55.0,0.029666012
0,1147,HAMILTON,161,,L1 (Crash),00:55.0,0.029666012
0,1148,HAMILTON,161,,L1 (Crash),00:55.0,0.029666012
0,1149,HAMILTON,159,,L1 (Crash),00:55.0,0.029666012
0,1150,HAMILTON,159,,L1 (Crash),00:55.0,0.029666012
0,1151,HAMILTON,156,,L1 (Crash),00:55.0,0.029666012
0,1152,HAMILTON,155,,L1 (Crash),00:55.0,0.029666012
0,1153,HAMILTON,155,,L1 (Crash),00:55.0,0.029666012
0,1154,HAMILTON,154,,L1 (Crash),00:55.0,0.029666012
0,1155,HAMILTON,153,,L1 (Crash),00:55.0,0.029666012
0,1156,HAMILTON,153,,L1 (Crash),00:55.0,0.029666012
0,1157,HAMILTON,151,,L1 (Crash),00:55.0,0.029666012
0,1158,HAMILTON,151,,L1 (Crash),00:55.0,0.029666012
0,1159,HAMILTON,150,,L1 (Crash),00:55.0,0.029666012
0,1160,HAMILTON,150,,L1 (Crash),00:55.0,0.029666012
0,1161,HAMILTON,150,,L1 (Crash),00:55.0,0.029666012
0,1162,HAMILTON,149,,L1 (Crash),00:55.0,0.029666012
0,1163,HAMILTON,149,,L1 (Crash),00:55.0,0.029666012
0,1164,HAMILTON,149,,L1 (Crash),00:55.0,0.029666012
0,1165,HAMILTON,148,,L1 (Crash),00:55.0,0.029666012
0,1166,HAMILTON,148,,L1 (Crash),00:55.0,0.029666012
0,1167,HAMILTON,146,,L1 (Crash),00:55.0,0.029666012
0,1168,HAMILTON,144,,L1 (Crash),00:55.0,0.029666012
0,1169,HAMILTON,143,,L1 (Crash),00:55.0,0.029666012
0,1170,HAMILTON,143,,L1 (Crash),00:55.0,0.029666012
0,1171,HAMILTON,143,,L1 (Crash),00:55.0,0.029666012
0,1172,HAMILTON,140,,L1 (Crash),00:55.0,0.029666012
0,1173,HAMILTON,140,,L1 (Crash),00:55.0,0.029666012
0,1174,HAMILTON,137,,L1 (Crash),00:55.0,0.029666012
0,1175,HAMILTON,137,,L1 (Crash),00:55.0,0.029666012
0,1176,HAMILTON,136,,L1 (Crash),00:55.0,0.029666012
0,1177,HAMILTON,135,,L1 (Crash),00:55.0,0.029666012
0,1178,HAMILTON,135,,L1 (Crash),00:55.0,0.029666012
0,1179,HAMILTON,134,,L1 (Crash),00:55.0,0.029666012
0,1180,HAMILTON,134,,L1 (Crash),00:55.0,0.029666012
0,1181,HAMILTON,132,,L1 (Crash),00:55.0,0.029666012
0,1182,HAMILTON,132,,L1 (Crash),00:55.0,0.029666012
0,1183,HAMILTON,132,,L1 (Crash),00:55.0,0.029666012
0,1184,HAMILTON,132,,L1 (Crash),00:55.0,0.029666012
0,1185,HAMILTON,132,,L1 (Crash),00:55.0,0.029666012
0,1186,HAMILTON,132,,L1 (Crash),00:55.0,0.029666012
0,1187,HAMILTON,131,,L1 (Crash),00:55.0,0.029666012
0,1188,HAMILTON,131,,L1 (Crash),00:55.0,0.029666012
0,1189,HAMILTON,131,,L1 (Crash),00:55.0,0.029666012
0,1190,HAMILTON,130,,L1 (Crash),00:55.0,0.029666012
0,1191,HAMILTON,130,,L1 (Crash),00:55.0,0.029666012
0,1192,HAMILTON,129,,L1 (Crash),00:55.0,0.029666012
0,1193,HAMILTON,129,,L1 (Crash),00:55.0,0.029666012
0,1194,HAMILTON,129,,L1 (Crash),00:55.0,0.029666012
0,1195,HAMILTON,128,,L1 (Crash),00:55.0,0.029666012
0,1196,HAMILTON,127,,L1 (Crash),00:55.0,0.029666012
0,1197,HAMILTON,127,,L1 (Crash),00:55.0,0.029666012
0,1198,HAMILTON,126,,L1 (Crash),00:55.0,0.029666012
0,1199,HAMILTON,126,,L1 (Crash),00:55.0,0.029666012
0,1200,HAMILTON,126,,L1 (Crash),00:55.0,0.029666012
0,1201,HAMILTON,126,,L1 (Crash),00:55.0,0.029666012
0,1202,HAMILTON,127,,L1 (Crash),00:55.0,0.029666012
0,1203,HAMILTON,127,,L1 (Crash),00:55.0,0.029666012
0,1204,HAMILTON,128,,L1 (Crash),00:55.0,0.029666012
0,1205,HAMILTON,128,,L1 (Crash),00:55.0,0.029666012
0,1206,HAMILTON,129,,L1 (Crash),00:55.0,0.029666012
0,1207,HAMILTON,130,,L1 (Crash),00:55.0,0.029666012
0,1208,HAMILTON,130,,L1 (Crash),00:55.0,0.029666012
0,1209,HAMILTON,130,,L1 (Crash),00:55.0,0.029666012
0,1210,HAMILTON,131,,L1 (Crash),00:55.0,0.029666012
0,1211,HAMILTON,131,,L1 (Crash),00:55.0,0.029666012
0,1212,HAMILTON,131,,L1 (Crash),00:55.0,0.029666012
0,1213,HAMILTON,132,,L1 (Crash),00:55.0,0.029666012
0,1214,HAMILTON,132,,L1 (Crash),00:55.0,0.029666012
0,1215,HAMILTON,132,,L1 (Crash),00:55.0,0.029666012
0,1216,HAMILTON,132,,L1 (Crash),00:55.0,0.029666012
0,1217,HAMILTON,132,,L1 (Crash),00:55.0,0.029666012
0,1218,HAMILTON,132,,L1 (Crash),00:55.0,0.029666012
0,1219,HAMILTON,132,,L1 (Crash),00:55.0,0.029666012
0,1220,HAMILTON,132,,L1 (Crash),00:55.0,0.029666012
0,1221,HAMILTON,131,,L1 (Crash),00:55.0,0.029666012
0,1222,HAMILTON,131,,L1 (Crash),00:55.0,0.029666012
0,1223,HAMILTON,131,,L1 (Crash),00:55.0,0.029666012
0,1224,HAMILTON,131,,L1 (Crash),00:55.0,0.029666012
0,1225,HAMILTON,131,,L1 (Crash),00:55.0,0.029666012
0,1226,HAMILTON,131,,L1 (Crash),00:55.0,0.029666012
0,1227,HAMILTON,131,,L1 (Crash),00:55.0,0.029666012
0,1228,HAMILTON,132,,L1 (Crash),00:55.0,0.029666012
0,1229,HAMILTON,132,,L1 (Crash),00:55.0,0.029666012
0,1230,HAMILTON,132,,L1 (Crash),00:55.0,0.029666012
0,1231,HAMILTON,132,,L1 (Crash),00:55.0,0.029666012
0,1232,HAMILTON,132,,L1 (Crash),00:55.0,0.029666012
0,1233,HAMILTON,133,,L1 (Crash),00:55.0,0.029666012
0,1234,HAMILTON,133,,L1 (Crash),00:55.0,0.029666012
0,1235,HAMILTON,134,,L1 (Crash),00:55.0,0.029666012
0,1236,HAMILTON,134,,L1 (Crash),00:55.0,0.029666012
0,1237,HAMILTON,135,,L1 (Crash),00:55.0,0.029666012
0,1238,HAMILTON,135,,L1 (Crash),00:55.0,0.029666012
0,1239,HAMILTON,135,,L1 (Crash),00:55.0,0.029666012
0,1240,HAMILTON,136,,L1 (Crash),00:55.0,0.029666012
0,1241,HAMILTON,136,,L1 (Crash),00:55.0,0.029666012
0,1242,HAMILTON,139,,L1 (Crash),00:55.0,0.029666012
0,1243,HAMILTON,139,,L1 (Crash),00:55.0,0.029666012
0,1244,HAMILTON,141,,L1 (Crash),00:55.0,0.029666012
0,1245,HAMILTON,142,,L1 (Crash),00:55.0,0.029666012
0,1246,HAMILTON,144,,L1 (Crash),00:55.0,0.029666012
0,1247,HAMILTON,144,,L1 (Crash),00:55.0,0.029666012
0,1248,HAMILTON,144,,L1 (Crash),00:55.0,0.029666012
0,1249,HAMILTON,146,,L1 (Crash),00:55.0,0.029666012
0,1250,HAMILTON,147,,L1 (Crash),00:55.0,0.029666012
0,1251,HAMILTON,147,,L1 (Crash),00:55.0,0.029666012
0,1252,HAMILTON,149,,L1 (Crash),00:55.0,0.029666012
0,1253,HAMILTON,149,,L1 (Crash),00:55.0,0.029666012
0,1254,HAMILTON,151,,L1 (Crash),00:55.0,0.029666012
0,1255,HAMILTON,152,,L1 (Crash),00:55.0,0.029666012
0,1256,HAMILTON,152,,L1 (Crash),00:55.0,0.029666012
0,1257,HAMILTON,152,,L1 (Crash),00:55.0,0.029666012
0,1258,HAMILTON,152,,L1 (Crash),00:55.0,0.029666012
0,1259,HAMILTON,152,,L1 (Crash),00:55.0,0.029666012
0,1260,HAMILTON,152,,L1 (Crash),00:55.0,0.029666012
0,1261,HAMILTON,152,,L1 (Crash),00:55.0,0.029666012
0,1262,HAMILTON,152,,L1 (Crash),00:55.0,0.029666012
0,1263,HAMILTON,151,,L1 (Crash),00:55.0,0.029666012
0,1264,HAMILTON,151,,L1 (Crash),00:55.0,0.029666012
0,1265,HAMILTON,151,,L1 (Crash),00:55.0,0.029666012
0,1266,HAMILTON,149,,L1 (Crash),00:55.0,0.029666012
0,1267,HAMILTON,149,,L1 (Crash),00:55.0,0.029666012
0,1268,HAMILTON,148,,L1 (Crash),00:55.0,0.029666012
0,1269,HAMILTON,147,,L1 (Crash),00:55.0,0.029666012
0,1270,HAMILTON,147,,L1 (Crash),00:55.0,0.029666012
0,1271,HAMILTON,146,,L1 (Crash),00:55.0,0.029666012
0,1272,HAMILTON,146,,L1 (Crash),00:55.0,0.029666012
0,1273,HAMILTON,146,,L1 (Crash),00:55.0,0.029666012
0,1274,HAMILTON,145,,L1 (Crash),00:55.0,0.029666012
0,1275,HAMILTON,145,,L1 (Crash),00:55.0,0.029666012
0,1276,HAMILTON,143,,L1 (Crash),00:55.0,0.029666012
0,1277,HAMILTON,143,,L1 (Crash),00:55.0,0.029666012
0,1278,HAMILTON,142,,L1 (Crash),00:55.0,0.029666012
0,1279,HAMILTON,141,,L1 (Crash),00:55.0,0.029666012
0,1280,HAMILTON,141,,L1 (Crash),00:55.0,0.029666012
0,1281,HAMILTON,141,,L1 (Crash),00:55.0,0.029666012
0,1282,HAMILTON,141,,L1 (Crash),00:55.0,0.029666012
0,1283,HAMILTON,141,,L1 (Crash),00:55.0,0.029666012
0,1284,HAMILTON,141,,L1 (Crash),00:55.0,0.029666012
0,1285,HAMILTON,141,,L1 (Crash),00:55.0,0.029666012
0,1286,HAMILTON,141,,L1 (Crash),00:55.0,0.029666012
0,1287,HAMILTON,141,,L1 (Crash),00:55.0,0.029666012
0,1288,HAMILTON,139,,L1 (Crash),00:55.0,0.029666012
0,1289,HAMILTON,139,,L1 (Crash),00:55.0,0.029666012
0,1290,HAMILTON,139,,L1 (Crash),00:55.0,0.029666012
0,1291,HAMILTON,138,,L1 (Crash),00:55.0,0.029666012
0,1292,HAMILTON,137,,L1 (Crash),00:55.0,0.029666012
0,1293,HAMILTON,137,,L1 (Crash),00:55.0,0.029666012
0,1294,HAMILTON,136,,L1 (Crash),00:55.0,0.029666012
0,1295,HAMILTON,135,,L1 (Crash),00:55.0,0.029666012
0,1296,HAMILTON,134,,L1 (Crash),00:55.0,0.029666012
0,1297,HAMILTON,134,,L1 (Crash),00:55.0,0.029666012
0,1298,HAMILTON,134,,L1 (Crash),00:55.0,0.029666012
0,1299,HAMILTON,134,,L1 (Crash),00:55.0,0.029666012
0,1300,HAMILTON,134,,L1 (Crash),00:55.0,0.029666012
0,1301,HAMILTON,133,,L1 (Crash),00:55.0,0.029666012
0,1302,HAMILTON,133,,L1 (Crash),00:55.0,0.029666012
0,1303,HAMILTON,133,,L1 (Crash),00:55.0,0.029666012
0,1304,HAMILTON,133,,L1 (Crash),00:55.0,0.029666012
0,1305,HAMILTON,132,,L1 (Crash),00:55.0,0.029666012
0,1306,HAMILTON,132,,L1 (Crash),00:55.0,0.029666012
0,1307,HAMILTON,132,,L1 (Crash),00:55.0,0.029666012
0,1308,HAMILTON,132,,L1 (Crash),00:55.0,0.029666012
0,1309,HAMILTON,131,,L1 (Crash),00:55.0,0.029666012
0,1310,HAMILTON,131,,L1 (Crash),00:55.0,0.029666012
0,1311,HAMILTON,131,,L1 (Crash),00:55.0,0.029666012
0,1312,HAMILTON,131,,L1 (Crash),00:55.0,0.029666012
0,1313,HAMILTON,130,,L1 (Crash),00:55.0,0.029666012
0,1314,HAMILTON,130,,L1 (Crash),00:55.0,0.029666012
0,1315,HAMILTON,130,,L1 (Crash),00:55.0,0.029666012
0,1316,HAMILTON,130,,L1 (Crash),00:55.0,0.029666012
0,1317,HAMILTON,130,,L1 (Crash),00:55.0,0.029666012
0,1318,HAMILTON,130,,L1 (Crash),00:55.0,0.029666012
0,1319,HAMILTON,130,,L1 (Crash),00:55.0,0.029666012
0,1320,HAMILTON,130,,L1 (Crash),00:55.0,0.029666012
0,1321,HAMILTON,130,,L1 (Crash),00:55.0,0.029666012
0,1322,HAMILTON,129,,L1 (Crash),00:55.0,0.029666012
0,1323,HAMILTON,129,,L1 (Crash),00:55.0,0.029666012
0,1324,HAMILTON,129,,L1 (Crash),00:55.0,0.029666012
0,1325,HAMILTON,129,,L1 (Crash),00:55.0,0.029666012
0,1326,HAMILTON,128,,L1 (Crash),00:55.0,0.029666012
0,1327,HAMILTON,128,,L1 (Crash),00:55.0,0.029666012
0,1328,HAMILTON,128,,L1 (Crash),00:55.0,0.029666012
0,1329,HAMILTON,127,,L1 (Crash),00:55.0,0.029666012
0,1330,HAMILTON,127,,L1 (Crash),00:55.0,0.029666012
0,1331,HAMILTON,127,,L1 (Crash),00:55.0,0.029666012
0,1332,HAMILTON,127,,L1 (Crash),00:55.0,0.029666012
0,1333,HAMILTON,127,,L1 (Crash),00:55.0,0.029666012
0,1334,HAMILTON,127,,L1 (Crash),00:55.0,0.029666012
0,1335,HAMILTON,127,,L1 (Crash),00:55.0,0.029666012
0,1336,HAMILTON,127,,L1 (Crash),00:55.0,0.029666012
0,1337,HAMILTON,127,,L1 (Crash),00:55.0,0.029666012
0,1338,HAMILTON,126,,L1 (Crash),00:55.0,0.029666012
0,1339,HAMILTON,126,,L1 (Crash),00:55.0,0.029666012
0,1340,HAMILTON,126,,L1 (Crash),00:55.0,0.029666012
0,1341,HAMILTON,126,,L1 (Crash),00:55.0,0.029666012
0,1342,HAMILTON,126,,L1 (Crash),00:55.0,0.029666012
0,1343,HAMILTON,126,,L1 (Crash),00:55.0,0.029666012
0,1344,HAMILTON,126,,L1 (Crash),00:55.0,0.029666012
0,1345,HAMILTON,126,,L1 (Crash),00:55.0,0.029666012
0,1346,HAMILTON,124,,L1 (Crash),00:55.0,0.029666012
0,1347,HAMILTON,122,,L1 (Crash),00:55.0,0.029666012
0,1348,HAMILTON,122,,L1 (Crash),00:55.0,0.029666012
0,1349,HAMILTON,119,,L1 (Crash),00:55.0,0.029666012
0,1350,HAMILTON,119,,L1 (Crash),00:55.0,0.029666012
0,1351,HAMILTON,119,,L1 (Crash),00:55.0,0.029666012
0,1352,HAMILTON,116,,L1 (Crash),00:55.0,0.029666012
0,1353,HAMILTON,115,,L1 (Crash),00:55.0,0.029666012
0,1354,HAMILTON,115,,L1 (Crash),00:55.0,0.029666012
0,1355,HAMILTON,113,,L1 (Crash),00:55.0,0.029666012
0,1356,HAMILTON,113,,L1 (Crash),00:55.0,0.029666012
0,1357,HAMILTON,112,,L1 (Crash),00:55.0,0.029666012
0,1358,HAMILTON,112,,L1 (Crash),00:55.0,0.029666012
0,1359,HAMILTON,112,,L1 (Crash),00:55.0,0.029666012
0,1360,HAMILTON,111,,L1 (Crash),00:55.0,0.029666012
0,1361,HAMILTON,111,,L1 (Crash),00:55.0,0.029666012
0,1362,HAMILTON,110,,L1 (Crash),00:55.0,0.029666012
0,1363,HAMILTON,110,,L1 (Crash),00:55.0,0.029666012
0,1364,HAMILTON,110,,L1 (Crash),00:55.0,0.029666012
0,1365,HAMILTON,110,,L1 (Crash),00:55.0,0.029666012
0,1366,HAMILTON,110,,L1 (Crash),00:55.0,0.029666012
0,1367,HAMILTON,110,,L1 (Crash),00:55.0,0.029666012
0,1368,HAMILTON,110,,L1 (Crash),00:55.0,0.029666012
0,1369,HAMILTON,110,,L1 (Crash),00:55.0,0.029666012
0,1370,HAMILTON,110,,L1 (Crash),00:55.0,0.029666012
0,1371,HAMILTON,110,,L1 (Crash),00:55.0,0.029666012
0,1372,HAMILTON,110,,L1 (Crash),00:55.0,0.029666012
0,1373,HAMILTON,110,,L1 (Crash),00:55.0,0.029666012
0,1374,HAMILTON,110,,L1 (Crash),00:55.0,0.029666012
0,1375,HAMILTON,110,,L1 (Crash),00:55.0,0.029666012
0,1376,HAMILTON,110,,L1 (Crash),00:55.0,0.029666012
0,1377,HAMILTON,110,,L1 (Crash),00:55.0,0.029666012
0,1378,HAMILTON,111,,L1 (Crash),00:55.0,0.029666012
0,1379,HAMILTON,111,,L1 (Crash),00:55.0,0.029666012
0,1380,HAMILTON,112,,L1 (Crash),00:55.0,0.029666012
0,1381,HAMILTON,112,,L1 (Crash),00:55.0,0.029666012
0,1382,HAMILTON,113,,L1 (Crash),00:55.0,0.029666012
0,1383,HAMILTON,113,,L1 (Crash),00:55.0,0.029666012
0,1384,HAMILTON,114,,L1 (Crash),00:55.0,0.029666012
0,1385,HAMILTON,114,,L1 (Crash),00:55.0,0.029666012
0,1386,HAMILTON,114,,L1 (Crash),00:55.0,0.029666012
0,1387,HAMILTON,115,,L1 (Crash),00:55.0,0.029666012
0,1388,HAMILTON,115,,L1 (Crash),00:55.0,0.029666012
0,1389,HAMILTON,117,,L1 (Crash),00:55.0,0.029666012
0,1390,HAMILTON,118,,L1 (Crash),00:55.0,0.029666012
0,1391,HAMILTON,118,,L1 (Crash),00:55.0,0.029666012
0,1392,HAMILTON,120,,L1 (Crash),00:55.0,0.029666012
0,1393,HAMILTON,120,,L1 (Crash),00:55.0,0.029666012
0,1394,HAMILTON,120,,L1 (Crash),00:55.0,0.029666012
0,1395,HAMILTON,120,,L1 (Crash),00:55.0,0.029666012
0,1396,HAMILTON,121,,L1 (Crash),00:55.0,0.029666012
0,1397,HAMILTON,121,,L1 (Crash),00:55.0,0.029666012
0,1398,HAMILTON,122,,L1 (Crash),00:55.0,0.029666012
0,1399,HAMILTON,122,,L1 (Crash),00:55.0,0.029666012
0,1400,HAMILTON,123,,L1 (Crash),00:55.0,0.029666012
0,1401,HAMILTON,123,,L1 (Crash),00:55.0,0.029666012
0,1402,HAMILTON,123,,L1 (Crash),00:55.0,0.029666012
0,1403,HAMILTON,124,,L1 (Crash),00:55.0,0.029666012
0,1404,HAMILTON,125,,L1 (Crash),00:55.0,0.029666012
0,1405,HAMILTON,125,,L1 (Crash),00:55.0,0.029666012
0,1406,HAMILTON,127,,L1 (Crash),00:55.0,0.029666012
0,1407,HAMILTON,127,,L1 (Crash),00:55.0,0.029666012
0,1408,HAMILTON,128,,L1 (Crash),00:55.0,0.029666012
0,1409,HAMILTON,128,,L1 (Crash),00:55.0,0.029666012
0,1410,HAMILTON,131,,L1 (Crash),00:55.0,0.029666012
0,1411,HAMILTON,131,,L1 (Crash),00:55.0,0.029666012
0,1412,HAMILTON,133,,L1 (Crash),00:55.0,0.029666012
0,1413,HAMILTON,133,,L1 (Crash),00:55.0,0.029666012
0,1414,HAMILTON,137,,L1 (Crash),00:55.0,0.029666012
0,1415,HAMILTON,139,,L1 (Crash),00:55.0,0.029666012
0,1416,HAMILTON,141,,L1 (Crash),00:55.0,0.029666012
0,1417,HAMILTON,141,,L1 (Crash),00:55.0,0.029666012
0,1418,HAMILTON,145,,L1 (Crash),00:55.0,0.029666012
0,1419,HAMILTON,146,,L1 (Crash),00:55.0,0.029666012
0,1420,HAMILTON,146,,L1 (Crash),00:55.0,0.029666012
0,1421,HAMILTON,147,,L1 (Crash),00:55.0,0.029666012
0,1422,HAMILTON,148,,L1 (Crash),00:55.0,0.029666012
0,1423,HAMILTON,148,,L1 (Crash),00:55.0,0.029666012
0,1424,HAMILTON,150,,L1 (Crash),00:55.0,0.029666012
0,1425,HAMILTON,150,,L1 (Crash),00:55.0,0.029666012
0,1426,HAMILTON,153,,L1 (Crash),00:55.0,0.029666012
0,1427,HAMILTON,153,,L1 (Crash),00:55.0,0.029666012
0,1428,HAMILTON,155,,L1 (Crash),00:55.0,0.029666012
0,1429,HAMILTON,155,,L1 (Crash),00:55.0,0.029666012
0,1430,HAMILTON,155,,L1 (Crash),00:55.0,0.029666012
0,1431,HAMILTON,158,,L1 (Crash),00:55.0,0.029666012
0,1432,HAMILTON,158,,L1 (Crash),00:55.0,0.029666012
0,1433,HAMILTON,160,,L1 (Crash),00:55.0,0.029666012
0,1434,HAMILTON,161,,L1 (Crash),00:55.0,0.029666012
0,1435,HAMILTON,161,,L1 (Crash),00:55.0,0.029666012
0,1436,HAMILTON,163,,L1 (Crash),00:55.0,0.029666012
0,1437,HAMILTON,163,,L1 (Crash),00:55.0,0.029666012
0,1438,HAMILTON,163,,L1 (Crash),00:55.0,0.029666012
0,1439,HAMILTON,164,,L1 (Crash),00:55.0,0.029666012
0,1440,HAMILTON,164,,L1 (Crash),00:55.0,0.029666012
0,1441,HAMILTON,164,,L1 (Crash),00:55.0,0.029666012
0,1442,HAMILTON,165,,L1 (Crash),00:55.0,0.029666012
0,1443,HAMILTON,165,,L1 (Crash),00:55.0,0.029666012
0,1444,HAMILTON,166,,L1 (Crash),00:55.0,0.029666012
0,1445,HAMILTON,166,,L1 (Crash),00:55.0,0.029666012
0,1446,HAMILTON,166,,L1 (Crash),00:55.0,0.029666012
0,1447,HAMILTON,167,,L1 (Crash),00:55.0,0.029666012
0,1448,HAMILTON,167,,L1 (Crash),00:55.0,0.029666012
0,1449,HAMILTON,167,,L1 (Crash),00:55.0,0.029666012
0,1450,HAMILTON,167,,L1 (Crash),00:55.0,0.029666012
0,1451,HAMILTON,168,,L1 (Crash),00:55.0,0.029666012
0,1452,HAMILTON,168,,L1 (Crash),00:55.0,0.029666012
0,1453,HAMILTON,169,,L1 (Crash),00:55.0,0.029666012
0,1454,HAMILTON,169,,L1 (Crash),00:55.0,0.029666012
0,1455,HAMILTON,169,,L1 (Crash),00:55.0,0.029666012
0,1456,HAMILTON,170,,L1 (Crash),00:55.0,0.029666012
0,1457,HAMILTON,170,,L1 (Crash),00:55.0,0.029666012
0,1458,HAMILTON,171,,L1 (Crash),00:55.0,0.029666012
0,1459,HAMILTON,172,,L1 (Crash),00:55.0,0.029666012
0,1460,HAMILTON,172,,L1 (Crash),00:55.0,0.029666012
0,1461,HAMILTON,175,,L1 (Crash),00:55.0,0.029666012
0,1462,HAMILTON,175,,L1 (Crash),00:55.0,0.029666012
0,1463,HAMILTON,175,,L1 (Crash),00:55.0,0.029666012
0,1464,HAMILTON,178,,L1 (Crash),00:55.0,0.029666012
0,1465,HAMILTON,179,,L1 (Crash),00:55.0,0.029666012
0,1466,HAMILTON,180,,L1 (Crash),00:55.0,0.029666012
0,1467,HAMILTON,180,,L1 (Crash),00:55.0,0.029666012
0,1468,HAMILTON,183,,L1 (Crash),00:55.0,0.029666012
0,1469,HAMILTON,183,,L1 (Crash),00:55.0,0.029666012
0,1470,HAMILTON,186,,L1 (Crash),00:55.0,0.029666012
0,1471,HAMILTON,186,,L1 (Crash),00:55.0,0.029666012
0,1472,HAMILTON,186,,L1 (Crash),00:55.0,0.029666012
0,1473,HAMILTON,189,,L1 (Crash),00:55.0,0.029666012
0,1474,HAMILTON,189,,L1 (Crash),00:55.0,0.029666012
0,1475,HAMILTON,192,,L1 (Crash),00:55.0,0.029666012
0,1476,HAMILTON,192,,L1 (Crash),00:55.0,0.029666012
0,1477,HAMILTON,194,,L1 (Crash),00:55.0,0.029666012
0,1478,HAMILTON,194,,L1 (Crash),00:55.0,0.029666012
0,1479,HAMILTON,196,,L1 (Crash),00:55.0,0.029666012
0,1480,HAMILTON,197,,L1 (Crash),00:55.0,0.029666012
0,1481,HAMILTON,198,,L1 (Crash),00:55.0,0.029666012
0,1482,HAMILTON,198,,L1 (Crash),00:55.0,0.029666012
0,1483,HAMILTON,200,,L1 (Crash),00:55.0,0.029666012
0,1484,HAMILTON,200,,L1 (Crash),00:55.0,0.029666012
0,1485,HAMILTON,200,,L1 (Crash),00:55.0,0.029666012
0,1486,HAMILTON,200,,L1 (Crash),00:55.0,0.029666012
0,1487,HAMILTON,200,,L1 (Crash),00:55.0,0.029666012
0,1488,HAMILTON,200,,L1 (Crash),00:55.0,0.029666012
0,1489,HAMILTON,200,,L1 (Crash),00:55.0,0.029666012
0,1490,HAMILTON,200,,L1 (Crash),00:55.0,0.029666012
0,1491,HAMILTON,200,,L1 (Crash),00:55.0,0.029666012
0,1492,HAMILTON,200,,L1 (Crash),00:55.0,0.029666012
0,1493,HAMILTON,200,,L1 (Crash),00:55.0,0.029666012
0,1494,HAMILTON,200,,L1 (Crash),00:55.0,0.029666012
0,1495,HAMILTON,200,,L1 (Crash),00:55.0,0.029666012
0,1496,HAMILTON,200,,L1 (Crash),00:55.0,0.029666012
0,1497,HAMILTON,200,,L1 (Crash),00:55.0,0.029666012
0,1498,HAMILTON,200,,L1 (Crash),00:55.0,0.029666012
0,1499,HAMILTON,200,,L1 (Crash),00:55.0,0.029666012
0,1500,HAMILTON,200,,L1 (Crash),00:55.0,0.029666012
0,1501,HAMILTON,204,,L1 (Crash),00:55.0,0.029666012
0,1502,HAMILTON,207,,L1 (Crash),00:55.0,0.029666012
0,1503,HAMILTON,207,,L1 (Crash),00:55.0,0.029666012
0,1504,HAMILTON,207,,L1 (Crash),00:55.0,0.029666012
0,1505,HAMILTON,211,,L1 (Crash),00:55.0,0.029666012
0,1506,HAMILTON,213,,L1 (Crash),00:55.0,0.029666012
0,1507,HAMILTON,213,,L1 (Crash),00:55.0,0.029666012
0,1508,HAMILTON,217,,L1 (Crash),00:55.0,0.029666012
0,1509,HAMILTON,217,,L1 (Crash),00:55.0,0.029666012
0,1510,HAMILTON,222,,L1 (Crash),00:55.0,0.029666012
0,1511,HAMILTON,222,,L1 (Crash),00:55.0,0.029666012
0,1512,HAMILTON,226,,L1 (Crash),00:55.0,0.029666012
0,1513,HAMILTON,226,,L1 (Crash),00:55.0,0.029666012
0,1514,HAMILTON,226,,L1 (Crash),00:55.0,0.029666012
0,1515,HAMILTON,230,,L1 (Crash),00:55.0,0.029666012
0,1516,HAMILTON,231,,L1 (Crash),00:55.0,0.029666012
0,1517,HAMILTON,231,,L1 (Crash),00:55.0,0.029666012
0,1518,HAMILTON,233,,L1 (Crash),00:55.0,0.029666012
0,1519,HAMILTON,233,,L1 (Crash),00:55.0,0.029666012
0,1520,HAMILTON,233,,L1 (Crash),00:55.0,0.029666012
0,1521,HAMILTON,235,,L1 (Crash),00:55.0,0.029666012
0,1522,HAMILTON,235,,L1 (Crash),00:55.0,0.029666012
0,1523,HAMILTON,235,,L1 (Crash),00:55.0,0.029666012
0,1524,HAMILTON,236,,L1 (Crash),00:55.0,0.029666012
0,1525,HAMILTON,237,,L1 (Crash),00:55.0,0.029666012
0,1526,HAMILTON,237,,L1 (Crash),00:55.0,0.029666012
0,1527,HAMILTON,238,,L1 (Crash),00:55.0,0.029666012
0,1528,HAMILTON,239,,L1 (Crash),00:55.0,0.029666012
0,1529,HAMILTON,239,,L1 (Crash),00:55.0,0.029666012
0,1530,HAMILTON,239,,L1 (Crash),00:55.0,0.029666012
0,1531,HAMILTON,240,,L1 (Crash),00:55.0,0.029666012
0,1532,HAMILTON,241,,L1 (Crash),00:55.0,0.029666012
0,1533,HAMILTON,241,,L1 (Crash),00:55.0,0.029666012
0,1534,HAMILTON,241,,L1 (Crash),00:55.0,0.029666012
0,1535,HAMILTON,241,,L1 (Crash),00:55.0,0.029666012
0,1536,HAMILTON,241,,L1 (Crash),00:55.0,0.029666012
0,1537,HAMILTON,241,,L1 (Crash),00:55.0,0.029666012
0,1538,HAMILTON,241,,L1 (Crash),00:55.0,0.029666012
0,1539,HAMILTON,241,,L1 (Crash),00:55.0,0.029666012
0,1540,HAMILTON,241,,L1 (Crash),00:55.0,0.029666012
0,1541,HAMILTON,242,,L1 (Crash),00:55.0,0.029666012
0,1542,HAMILTON,242,,L1 (Crash),00:55.0,0.029666012
0,1543,HAMILTON,244,,L1 (Crash),00:55.0,0.029666012
0,1544,HAMILTON,245,,L1 (Crash),00:55.0,0.029666012
0,1545,HAMILTON,245,,L1 (Crash),00:55.0,0.029666012
0,1546,HAMILTON,248,,L1 (Crash),00:55.0,0.029666012
0,1547,HAMILTON,248,,L1 (Crash),00:55.0,0.029666012
0,1548,HAMILTON,249,,L1 (Crash),00:55.0,0.029666012
0,1549,HAMILTON,249,,L1 (Crash),00:55.0,0.029666012
0,1550,HAMILTON,249,,L1 (Crash),00:55.0,0.029666012
0,1551,HAMILTON,249,,L1 (Crash),00:55.0,0.029666012
0,1552,HAMILTON,249,,L1 (Crash),00:55.0,0.029666012
0,1553,HAMILTON,249,,L1 (Crash),00:55.0,0.029666012
0,1554,HAMILTON,249,,L1 (Crash),00:55.0,0.029666012
0,1555,HAMILTON,249,,L1 (Crash),00:55.0,0.029666012
0,1556,HAMILTON,249,,L1 (Crash),00:55.0,0.029666012
0,1557,HAMILTON,249,,L1 (Crash),00:55.0,0.029666012
0,1558,HAMILTON,249,,L1 (Crash),00:55.0,0.029666012
0,1559,HAMILTON,249,,L1 (Crash),00:55.0,0.029666012
0,1560,HAMILTON,249,,L1 (Crash),00:55.0,0.029666012
0,1561,HAMILTON,249,,L1 (Crash),00:55.0,0.029666012
0,1562,HAMILTON,249,,L1 (Crash),00:55.0,0.029666012
0,1563,HAMILTON,249,,L1 (Crash),00:55.0,0.029666012
0,1564,HAMILTON,250,,L1 (Crash),00:55.0,0.029666012
0,1565,HAMILTON,250,,L1 (Crash),00:55.0,0.029666012
0,1566,HAMILTON,250,,L1 (Crash),00:55.0,0.029666012
0,1567,HAMILTON,253,,L1 (Crash),00:55.0,0.029666012
0,1568,HAMILTON,253,,L1 (Crash),00:55.0,0.029666012
0,1569,HAMILTON,256,,L1 (Crash),00:55.0,0.029666012
0,1570,HAMILTON,258,,L1 (Crash),00:55.0,0.029666012
0,1571,HAMILTON,258,,L1 (Crash),00:55.0,0.029666012
0,1572,HAMILTON,261,,L1 (Crash),00:55.0,0.029666012
0,1573,HAMILTON,261,,L1 (Crash),00:55.0,0.029666012
0,1574,HAMILTON,261,,L1 (Crash),00:55.0,0.029666012
0,1575,HAMILTON,261,,L1 (Crash),00:55.0,0.029666012
0,1576,HAMILTON,261,,L1 (Crash),00:55.0,0.029666012
0,1577,HAMILTON,261,,L1 (Crash),00:55.0,0.029666012
0,1578,HAMILTON,261,,L1 (Crash),00:55.0,0.029666012
0,1579,HAMILTON,261,,L1 (Crash),00:55.0,0.029666012
0,1580,HAMILTON,261,,L1 (Crash),00:55.0,0.029666012
0,1581,HAMILTON,261,,L1 (Crash),00:55.0,0.029666012
0,1582,HAMILTON,261,,L1 (Crash),00:55.0,0.029666012
0,1583,HAMILTON,261,,L1 (Crash),00:55.0,0.029666012
0,1584,HAMILTON,261,,L1 (Crash),00:55.0,0.029666012
0,1585,HAMILTON,261,,L1 (Crash),00:55.0,0.029666012
0,1586,HAMILTON,261,,L1 (Crash),00:55.0,0.029666012
0,1587,HAMILTON,261,,L1 (Crash),00:55.0,0.029666012
0,1588,HAMILTON,261,,L1 (Crash),00:55.0,0.029666012
0,1589,HAMILTON,261,,L1 (Crash),00:55.0,0.029666012
0,1590,HAMILTON,261,,L1 (Crash),00:55.0,0.029666012
0,1591,HAMILTON,261,,L1 (Crash),00:55.0,0.029666012
0,1592,HAMILTON,261,,L1 (Crash),00:55.0,0.029666012
0,1593,HAMILTON,261,,L1 (Crash),00:55.0,0.029666012
0,1594,HAMILTON,261,,L1 (Crash),00:55.0,0.029666012
0,1595,HAMILTON,261,,L1 (Crash),00:55.0,0.029666012
0,1596,HAMILTON,261,,L1 (Crash),00:55.0,0.029666012
0,1597,HAMILTON,261,,L1 (Crash),00:55.0,0.029666012
0,1598,HAMILTON,266,,L1 (Crash),00:55.0,0.029666012
0,1599,HAMILTON,266,,L1 (Crash),00:55.0,0.029666012
0,1600,HAMILTON,269,,L1 (Crash),00:55.0,0.029666012
0,1601,HAMILTON,269,,L1 (Crash),00:55.0,0.029666012
0,1602,HAMILTON,274,,L1 (Crash),00:55.0,0.029666012
0,1603,HAMILTON,274,,L1 (Crash),00:55.0,0.029666012
0,1604,HAMILTON,280,,L1 (Crash),00:55.0,0.029666012
0,1605,HAMILTON,281,,L1 (Crash),00:55.0,0.029666012
0,1606,HAMILTON,281,,L1 (Crash),00:55.0,0.029666012
0,1607,HAMILTON,281,,L1 (Crash),00:55.0,0.029666012
0,1608,HAMILTON,281,,L1 (Crash),00:55.0,0.029666012
0,1609,HAMILTON,281,,L1 (Crash),00:55.0,0.029666012
0,1610,HAMILTON,281,,L1 (Crash),00:55.0,0.029666012
0,1611,HAMILTON,281,,L1 (Crash),00:55.0,0.029666012
0,1612,HAMILTON,281,,L1 (Crash),00:55.0,0.029666012
0,1613,HAMILTON,281,,L1 (Crash),00:55.0,0.029666012
0,1614,HAMILTON,282,,L1 (Crash),00:55.0,0.029666012
0,1615,HAMILTON,282,,L1 (Crash),00:55.0,0.029666012
0,1616,HAMILTON,282,,L1 (Crash),00:55.0,0.029666012
0,1617,HAMILTON,282,,L1 (Crash),00:55.0,0.029666012
0,1618,HAMILTON,282,,L1 (Crash),00:55.0,0.029666012
0,1619,HAMILTON,282,,L1 (Crash),00:55.0,0.029666012
0,1620,HAMILTON,282,,L1 (Crash),00:55.0,0.029666012
0,1621,HAMILTON,282,,L1 (Crash),00:55.0,0.029666012
0,1622,HAMILTON,282,,L1 (Crash),00:55.0,0.029666012
0,1623,HAMILTON,282,,L1 (Crash),00:55.0,0.029666012
0,1624,HAMILTON,282,,L1 (Crash),00:55.0,0.029666012
0,1625,HAMILTON,282,,L1 (Crash),00:55.0,0.029666012
0,1626,HAMILTON,283,,L1 (Crash),00:55.0,0.029666012
0,1627,HAMILTON,283,,L1 (Crash),00:55.0,0.029666012
0,1628,HAMILTON,283,,L1 (Crash),00:55.0,0.029666012
0,1629,HAMILTON,284,,L1 (Crash),00:55.0,0.029666012
0,1630,HAMILTON,284,,L1 (Crash),00:55.0,0.029666012
0,1631,HAMILTON,285,,L1 (Crash),00:55.0,0.029666012
0,1632,HAMILTON,285,,L1 (Crash),00:55.0,0.029666012
0,1633,HAMILTON,286,,L1 (Crash),00:55.0,0.029666012
0,1634,HAMILTON,286,,L1 (Crash),00:55.0,0.029666012
0,1635,HAMILTON,286,,L1 (Crash),00:55.0,0.029666012
0,1636,HAMILTON,288,,L1 (Crash),00:55.0,0.029666012
0,1637,HAMILTON,289,,L1 (Crash),00:55.0,0.029666012
0,1638,HAMILTON,289,,L1 (Crash),00:55.0,0.029666012
0,1639,HAMILTON,289,,L1 (Crash),00:55.0,0.029666012
0,1640,HAMILTON,289,,L1 (Crash),00:55.0,0.029666012
0,1641,HAMILTON,289,,L1 (Crash),00:55.0,0.029666012
0,1642,HAMILTON,289,,L1 (Crash),00:55.0,0.029666012
0,1643,HAMILTON,289,,L1 (Crash),00:55.0,0.029666012
0,1644,HAMILTON,289,,L1 (Crash),00:55.0,0.029666012
0,1645,HAMILTON,289,,L1 (Crash),00:55.0,0.029666012
0,1646,HAMILTON,289,,L1 (Crash),00:55.0,0.029666012
0,1647,HAMILTON,289,,L1 (Crash),00:55.0,0.029666012
0,1648,HAMILTON,291,,L1 (Crash),00:55.0,0.029666012
0,1649,HAMILTON,291,,L1 (Crash),00:55.0,0.029666012
0,1650,HAMILTON,293,,L1 (Crash),00:55.0,0.029666012
0,1651,HAMILTON,294,,L1 (Crash),00:55.0,0.029666012
0,1652,HAMILTON,294,,L1 (Crash),00:55.0,0.029666012
0,1653,HAMILTON,295,,L1 (Crash),00:55.0,0.029666012
0,1654,HAMILTON,296,,L1 (Crash),00:55.0,0.029666012
0,1655,HAMILTON,296,,L1 (Crash),00:55.0,0.029666012
0,1656,HAMILTON,296,,L1 (Crash),00:55.0,0.029666012
0,1657,HAMILTON,298,,L1 (Crash),00:55.0,0.029666012
0,1658,HAMILTON,298,,L1 (Crash),00:55.0,0.029666012
0,1659,HAMILTON,299,,L1 (Crash),00:55.0,0.029666012
0,1660,HAMILTON,300,,L1 (Crash),00:55.0,0.029666012
0,1661,HAMILTON,300,,L1 (Crash),00:55.0,0.029666012
0,1662,HAMILTON,300,,L1 (Crash),00:55.0,0.029666012
0,1663,HAMILTON,300,,L1 (Crash),00:55.0,0.029666012
0,1664,HAMILTON,300,,L1 (Crash),00:55.0,0.029666012
0,1665,HAMILTON,300,,L1 (Crash),00:55.0,0.029666012
0,1666,HAMILTON,300,,L1 (Crash),00:55.0,0.029666012
0,1667,HAMILTON,300,,L1 (Crash),00:55.0,0.029666012
0,1668,HAMILTON,300,,L1 (Crash),00:55.0,0.029666012
0,1669,HAMILTON,301,,L1 (Crash),00:55.0,0.029666012
0,1670,HAMILTON,301,,L1 (Crash),00:55.0,0.029666012
0,1671,HAMILTON,301,,L1 (Crash),00:55.0,0.029666012
0,1672,HAMILTON,301,,L1 (Crash),00:55.0,0.029666012
0,1673,HAMILTON,301,,L1 (Crash),00:55.0,0.029666012
0,1674,HAMILTON,301,,L1 (Crash),00:55.0,0.029666012
0,1675,HAMILTON,301,,L1 (Crash),00:55.0,0.029666012
0,1676,HAMILTON,301,,L1 (Crash),00:55.0,0.029666012
0,1677,HAMILTON,301,,L1 (Crash),00:55.0,0.029666012
0,1678,HAMILTON,301,,L1 (Crash),00:55.0,0.029666012
0,1679,HAMILTON,301,,L1 (Crash),00:55.0,0.029666012
0,1680,HAMILTON,302,,L1 (Crash),00:55.0,0.029666012
0,1681,HAMILTON,302,,L1 (Crash),00:55.0,0.029666012
0,1682,HAMILTON,302,,L1 (Crash),00:55.0,0.029666012
0,1683,HAMILTON,302,,L1 (Crash),00:55.0,0.029666012
0,1684,HAMILTON,303,,L1 (Crash),00:55.0,0.029666012
0,1685,HAMILTON,303,,L1 (Crash),00:55.0,0.029666012
0,1686,HAMILTON,305,,L1 (Crash),00:55.0,0.029666012
0,1687,HAMILTON,306,,L1 (Crash),00:55.0,0.029666012
0,1688,HAMILTON,306,,L1 (Crash),00:55.0,0.029666012
0,1689,HAMILTON,307,,L1 (Crash),00:55.0,0.029666012
0,1690,HAMILTON,307,,L1 (Crash),00:55.0,0.029666012
0,1691,HAMILTON,307,,L1 (Crash),00:55.0,0.029666012
0,1692,HAMILTON,309,,L1 (Crash),00:55.0,0.029666012
0,1693,HAMILTON,309,,L1 (Crash),00:55.0,0.029666012
0,1694,HAMILTON,310,,L1 (Crash),00:55.0,0.029666012
0,1695,HAMILTON,310,,L1 (Crash),00:55.0,0.029666012
0,1696,HAMILTON,310,,L1 (Crash),00:55.0,0.029666012
0,1697,HAMILTON,310,,L1 (Crash),00:55.0,0.029666012
0,1698,HAMILTON,310,,L1 (Crash),00:55.0,0.029666012
0,1699,HAMILTON,310,,L1 (Crash),00:55.0,0.029666012
0,1700,HAMILTON,310,,L1 (Crash),00:55.0,0.029666012
0,1701,HAMILTON,310,,L1 (Crash),00:55.0,0.029666012
0,1702,HAMILTON,310,,L1 (Crash),00:55.0,0.029666012
0,1703,HAMILTON,310,,L1 (Crash),00:55.0,0.029666012
0,1704,HAMILTON,310,,L1 (Crash),00:55.0,0.029666012
0,1705,HAMILTON,310,,L1 (Crash),00:55.0,0.029666012
0,1706,HAMILTON,310,,L1 (Crash),00:55.0,0.029666012
0,1707,HAMILTON,310,,L1 (Crash),00:55.0,0.029666012
0,1708,HAMILTON,310,,L1 (Crash),00:55.0,0.029666012
0,1709,HAMILTON,310,,L1 (Crash),00:55.0,0.029666012
0,1710,HAMILTON,310,,L1 (Crash),00:55.0,0.029666012
0,1711,HAMILTON,310,,L1 (Crash),00:55.0,0.029666012
0,1712,HAMILTON,310,,L1 (Crash),00:55.0,0.029666012
0,1713,HAMILTON,310,,L1 (Crash),00:55.0,0.029666012
0,1714,HAMILTON,310,,L1 (Crash),00:55.0,0.029666012
0,1715,HAMILTON,311,,L1 (Crash),00:55.0,0.029666012
0,1716,HAMILTON,311,,L1 (Crash),00:55.0,0.029666012
0,1717,HAMILTON,311,,L1 (Crash),00:55.0,0.029666012
0,1718,HAMILTON,311,,L1 (Crash),00:55.0,0.029666012
0,1719,HAMILTON,312,,L1 (Crash),00:55.0,0.029666012
0,1720,HAMILTON,312,,L1 (Crash),00:55.0,0.029666012
0,1721,HAMILTON,312,,L1 (Crash),00:55.0,0.029666012
0,1722,HAMILTON,314,,L1 (Crash),00:55.0,0.029666012
0,1723,HAMILTON,314,,L1 (Crash),00:55.0,0.029666012
0,1724,HAMILTON,314,,L1 (Crash),00:55.0,0.029666012
0,1725,HAMILTON,314,,L1 (Crash),00:55.0,0.029666012
0,1726,HAMILTON,314,,L1 (Crash),00:55.0,0.029666012
0,1727,HAMILTON,314,,L1 (Crash),00:55.0,0.029666012
0,1728,HAMILTON,314,,L1 (Crash),00:55.0,0.029666012
0,1729,HAMILTON,314,,L1 (Crash),00:55.0,0.029666012
0,1730,HAMILTON,314,,L1 (Crash),00:55.0,0.029666012
0,1731,HAMILTON,314,,L1 (Crash),00:55.0,0.029666012
0,1732,HAMILTON,314,,L1 (Crash),00:55.0,0.029666012
0,1733,HAMILTON,314,,L1 (Crash),00:55.0,0.029666012
0,1734,HAMILTON,314,,L1 (Crash),00:55.0,0.029666012
0,1735,HAMILTON,314,,L1 (Crash),00:55.0,0.029666012
0,1736,HAMILTON,314,,L1 (Crash),00:55.0,0.029666012
0,1737,HAMILTON,314,,L1 (Crash),00:55.0,0.029666012
0,1738,HAMILTON,314,,L1 (Crash),00:55.0,0.029666012
0,1739,HAMILTON,314,,L1 (Crash),00:55.0,0.029666012
0,1740,HAMILTON,314,,L1 (Crash),00:55.0,0.029666012
0,1741,HAMILTON,314,,L1 (Crash),00:55.0,0.029666012
0,1742,HAMILTON,313,,L1 (Crash),00:55.0,0.029666012
0,1743,HAMILTON,313,,L1 (Crash),00:55.0,0.029666012
0,1744,HAMILTON,313,,L1 (Crash),00:55.0,0.029666012
0,1745,HAMILTON,313,,L1 (Crash),00:55.0,0.029666012
0,1746,HAMILTON,313,,L1 (Crash),00:55.0,0.029666012
0,1747,HAMILTON,313,,L1 (Crash),00:55.0,0.029666012
0,1748,HAMILTON,313,,L1 (Crash),00:55.0,0.029666012
0,1749,HAMILTON,313,,L1 (Crash),00:55.0,0.029666012
0,1750,HAMILTON,313,,L1 (Crash),00:55.0,0.029666012
0,1751,HAMILTON,313,,L1 (Crash),00:55.0,0.029666012
0,1752,HAMILTON,313,,L1 (Crash),00:55.0,0.029666012
0,1753,HAMILTON,313,,L1 (Crash),00:55.0,0.029666012
0,1754,HAMILTON,313,,L1 (Crash),00:55.0,0.029666012
0,1755,HAMILTON,313,,L1 (Crash),00:55.0,0.029666012
0,1756,HAMILTON,313,,L1 (Crash),00:55.0,0.029666012
0,1757,HAMILTON,313,,L1 (Crash),00:55.0,0.029666012
0,1758,HAMILTON,313,,L1 (Crash),00:55.0,0.029666012
0,1759,HAMILTON,312,,L1 (Crash),00:55.0,0.029666012
0,1760,HAMILTON,312,,L1 (Crash),00:55.0,0.029666012
0,1761,HAMILTON,312,,L1 (Crash),00:55.0,0.029666012
0,1762,HAMILTON,312,,L1 (Crash),00:55.0,0.029666012
0,1763,HAMILTON,311,,L1 (Crash),00:55.0,0.029666012
0,1764,HAMILTON,311,,L1 (Crash),00:55.0,0.029666012
0,1765,HAMILTON,310,,L1 (Crash),00:55.0,0.029666012
0,1766,HAMILTON,309,,L1 (Crash),00:55.0,0.029666012
0,1767,HAMILTON,309,,L1 (Crash),00:55.0,0.029666012
0,1768,HAMILTON,309,,L1 (Crash),00:55.0,0.029666012
0,1769,HAMILTON,309,,L1 (Crash),00:55.0,0.029666012
0,1770,HAMILTON,309,,L1 (Crash),00:55.0,0.029666012
0,1771,HAMILTON,309,,L1 (Crash),00:55.0,0.029666012
0,1772,HAMILTON,309,,L1 (Crash),00:55.0,0.029666012
0,1773,HAMILTON,309,,L1 (Crash),00:55.0,0.029666012
0,1774,HAMILTON,309,,L1 (Crash),00:55.0,0.029666012
0,1775,HAMILTON,309,,L1 (Crash),00:55.0,0.029666012
0,1776,HAMILTON,308,,L1 (Crash),00:55.0,0.029666012
0,1777,HAMILTON,308,,L1 (Crash),00:55.0,0.029666012
0,1778,HAMILTON,306,,L1 (Crash),00:55.0,0.029666012
0,1779,HAMILTON,305,,L1 (Crash),00:55.0,0.029666012
0,1780,HAMILTON,304,,L1 (Crash),00:55.0,0.029666012
0,1781,HAMILTON,304,,L1 (Crash),00:55.0,0.029666012
0,1782,HAMILTON,302,,L1 (Crash),00:55.0,0.029666012
0,1783,HAMILTON,302,,L1 (Crash),00:55.0,0.029666012
0,1784,HAMILTON,292,,L1 (Crash),00:55.0,0.029666012
0,1785,HAMILTON,285,,L1 (Crash),00:55.0,0.029666012
0,1786,HAMILTON,285,,L1 (Crash),00:55.0,0.029666012
0,1787,HAMILTON,285,,L1 (Crash),00:55.0,0.029666012
0,1788,HAMILTON,272,,L1 (Crash),00:55.0,0.029666012
0,1789,HAMILTON,265,,L1 (Crash),00:55.0,0.029666012
0,1790,HAMILTON,259,,L1 (Crash),00:55.0,0.029666012
0,1791,HAMILTON,259,,L1 (Crash),00:55.0,0.029666012
0,1792,HAMILTON,249,,L1 (Crash),00:55.0,0.029666012
0,1793,HAMILTON,245,,L1 (Crash),00:55.0,0.029666012
0,1794,HAMILTON,245,,L1 (Crash),00:55.0,0.029666012
0,1795,HAMILTON,236,,L1 (Crash),00:55.0,0.029666012
0,1796,HAMILTON,232,,L1 (Crash),00:55.0,0.029666012
0,1797,HAMILTON,232,,L1 (Crash),00:55.0,0.029666012
0,1798,HAMILTON,223,,L1 (Crash),00:55.0,0.029666012
0,1799,HAMILTON,222,,L1 (Crash),00:55.0,0.029666012
0,1800,HAMILTON,222,,L1 (Crash),00:55.0,0.029666012
0,1801,HAMILTON,219,,L1 (Crash),00:55.0,0.029666012
0,1802,HAMILTON,219,,L1 (Crash),00:55.0,0.029666012
0,1803,HAMILTON,219,,L1 (Crash),00:55.0,0.029666012
0,1804,HAMILTON,216,,L1 (Crash),00:55.0,0.029666012
0,1805,HAMILTON,215,,L1 (Crash),00:55.0,0.029666012
0,1806,HAMILTON,215,,L1 (Crash),00:55.0,0.029666012
0,1807,HAMILTON,213,,L1 (Crash),00:55.0,0.029666012
0,1808,HAMILTON,212,,L1 (Crash),00:55.0,0.029666012
0,1809,HAMILTON,212,,L1 (Crash),00:55.0,0.029666012
0,1810,HAMILTON,212,,L1 (Crash),00:55.0,0.029666012
0,1811,HAMILTON,211,,L1 (Crash),00:55.0,0.029666012
0,1812,HAMILTON,211,,L1 (Crash),00:55.0,0.029666012
0,1813,HAMILTON,211,,L1 (Crash),00:55.0,0.029666012
0,1814,HAMILTON,210,,L1 (Crash),00:55.0,0.029666012
0,1815,HAMILTON,210,,L1 (Crash),00:55.0,0.029666012
0,1816,HAMILTON,210,,L1 (Crash),00:55.0,0.029666012
0,1817,HAMILTON,210,,L1 (Crash),00:55.0,0.029666012
0,1818,HAMILTON,210,,L1 (Crash),00:55.0,0.029666012
0,1819,HAMILTON,210,,L1 (Crash),00:55.0,0.029666012
0,1820,HAMILTON,210,,L1 (Crash),00:55.0,0.029666012
0,1821,HAMILTON,210,,L1 (Crash),00:55.0,0.029666012
0,1822,HAMILTON,210,,L1 (Crash),00:55.0,0.029666012
0,1823,HAMILTON,209,,L1 (Crash),00:55.0,0.029666012
0,1824,HAMILTON,209,,L1 (Crash),00:55.0,0.029666012
0,1825,HAMILTON,206,,L1 (Crash),00:55.0,0.029666012
0,1826,HAMILTON,205,,L1 (Crash),00:55.0,0.029666012
0,1827,HAMILTON,205,,L1 (Crash),00:55.0,0.029666012
0,1828,HAMILTON,205,,L1 (Crash),00:55.0,0.029666012
0,1829,HAMILTON,203,,L1 (Crash),00:55.0,0.029666012
0,1830,HAMILTON,202,,L1 (Crash),00:55.0,0.029666012
0,1831,HAMILTON,202,,L1 (Crash),00:55.0,0.029666012
0,1832,HAMILTON,201,,L1 (Crash),00:55.0,0.029666012
0,1833,HAMILTON,201,,L1 (Crash),00:55.0,0.029666012
0,1834,HAMILTON,201,,L1 (Crash),00:55.0,0.029666012
0,1835,HAMILTON,201,,L1 (Crash),00:55.0,0.029666012
0,1836,HAMILTON,201,,L1 (Crash),00:55.0,0.029666012
0,1837,HAMILTON,200,,L1 (Crash),00:55.0,0.029666012
0,1838,HAMILTON,200,,L1 (Crash),00:55.0,0.029666012
0,1839,HAMILTON,200,,L1 (Crash),00:55.0,0.029666012
0,1840,HAMILTON,200,,L1 (Crash),00:55.0,0.029666012
0,1841,HAMILTON,200,,L1 (Crash),00:55.0,0.029666012
0,1842,HAMILTON,200,,L1 (Crash),00:55.0,0.029666012
0,1843,HAMILTON,200,,L1 (Crash),00:55.0,0.029666012
0,1844,HAMILTON,200,,L1 (Crash),00:55.0,0.029666012
0,1845,HAMILTON,200,,L1 (Crash),00:55.0,0.029666012
0,1846,HAMILTON,200,,L1 (Crash),00:55.0,0.029666012
0,1847,HAMILTON,200,,L1 (Crash),00:55.0,0.029666012
0,1848,HAMILTON,200,,L1 (Crash),00:55.0,0.029666012
0,1849,HAMILTON,200,,L1 (Crash),00:55.0,0.029666012
0,1850,HAMILTON,200,,L1 (Crash),00:55.0,0.029666012
0,1851,HAMILTON,200,,L1 (Crash),00:55.0,0.029666012
0,1852,HAMILTON,200,,L1 (Crash),00:55.0,0.029666012
0,1853,HAMILTON,200,,L1 (Crash),00:55.0,0.029666012
0,1854,HAMILTON,200,,L1 (Crash),00:55.0,0.029666012
0,1855,HAMILTON,200,,L1 (Crash),00:55.0,0.029666012
0,1856,HAMILTON,200,,L1 (Crash),00:55.0,0.029666012
0,1857,HAMILTON,200,,L1 (Crash),00:55.0,0.029666012
0,1858,HAMILTON,200,,L1 (Crash),00:55.0,0.029666012
0,1859,HAMILTON,200,,L1 (Crash),00:55.0,0.029666012
0,1860,HAMILTON,200,,L1 (Crash),00:55.0,0.029666012
0,1861,HAMILTON,200,,L1 (Crash),00:55.0,0.029666012
0,1862,HAMILTON,200,,L1 (Crash),00:55.0,0.029666012
0,1863,HAMILTON,200,,L1 (Crash),00:55.0,0.029666012
,,,,,,,
,,,,,,,
,,,,,,,